seq,stdDay,gubun,gubunCn,gubunEn,deathCnt,incDec,isolClearCnt,qurRate,defCnt,isolIngCnt,overFlowCnt,localOccCnt,createDt,updateDt,create_date
1,2020년 3월 1일 16시,합계,,,18,586,,,,,,,2020-03-02 19:27:58,,2020-03-02
20,2020년 3월 4일 00시,합계,,,32,516,,10.3,5328,,,,2020-03-04 19:44:27,,2020-03-04
38,2020년 3월 5일 00시,합계,,,35,438,,11.1,5766,,,,2020-03-05 15:29:39,,2020-03-05
56,2020년 3월 6일 00시,합계,,,42,518,,12.1,6284,,,,2020-03-06 15:09:04,,2020-03-06
74,2020년 3월 7일 00시,합계,,,44,483,,12.1,6767,,,,2020-03-07 15:30:00,,2020-03-07
92,2020년 3월 8일 00시,합계,,,50,367,,13.8,7134,,,,2020-03-08 14:56:02,,2020-03-08
110,2020년 3월 9일 00시,합계,,,51,248,166,14.2,7382,,,,2020-03-09 12:54:29,,2020-03-09
128,2020년 3월 10일 00시,합계,,,54,131,247,14.49,7513,,,,2020-03-10 10:58:20,,2020-03-10
146,2020년 3월 11일 00시,합계,,,60,242,288,14.96,7755,,,,2020-03-11 11:00:34,,2020-03-11
164,2020년 3월 12일 00시,합계,,,66,114,333,15.18,7869,,,,2020-03-12 10:42:10,,2020-03-12
182,2020년 3월 13일 00시,합계,,,67,110,510,15.39,7979,,,,2020-03-13 10:45:57,,2020-03-13
200,2020년 3월 14일 00시,합계,,,72,107,714,15.6,8086,,,,2020-03-14 10:34:21,,2020-03-14
218,2020년 3월 15일 00시,합계,,,75,76,834,15.74,8162,,,,2020-03-15 10:34:56,,2020-03-15
236,2020년 3월 16일 00시,합계,,,75,74,1137,15.74,8236,,,,2020-03-16 10:44:17,,2020-03-16
255,2020년 3월 17일 00시,합계,,,81,84,1401,16.05,8320,,,,2020-03-17 10:46:26,,2020-03-17
274,2020년 3월 18일 00시,합계,,,84,93,1540,16.23,8413,,,,2020-03-18 10:28:56,,2020-03-18
293,2020년 3월 19일 00시,합계,合,Total,91,152,1947,16.52,8565,,,,2020-03-19 10:34:03,2020-03-20 10:38:27,2020-03-19
312,2020년 3월 20일 00시,합계,合计,Total,94,87,2233,16.69,8652,,,,2020-03-20 10:38:48,,2020-03-20
331,2020년 3월 21일 00시,합계,合计,Total,102,147,2612,16.97,8799,,,,2020-03-21 10:47:16,,2020-03-21
350,2020년 3월 22일 00시,합계,合计,Total,104,98,2909,17.16,8897,,,,2020-03-22 10:33:31,,2020-03-22
369,2020년 3월 23일 00시,합계,合计,Total,111,64,3166,17.28,8961,,,,2020-03-23 10:30:07,,2020-03-23
388,2020년 3월 24일 00시,합계,合计,Total,120,76,3507,17.43,9037,,,,2020-03-24 10:50:06,,2020-03-24
407,2020년 3월 25일 00시,합계,合计,Total,126,100,3730,17.62,9137,,,,2020-03-25 10:41:04,,2020-03-25
426,2020년 3월 26일 00시,합계,合计,Total,131,104,4144,17.82,9241,,,,2020-03-26 10:50:58,,2020-03-26
445,2020년 3월 27일 00시,합계,合计,Total,139,91,4528,18,9332,,,,2020-03-27 10:39:21,,2020-03-27
464,2020년 03월 28일 00시,합계,合计,Total,144,146,4811,18.28,9478,,,,2020-03-28 10:46:14,,2020-03-28
483,2020년 03월 29일 00시,합계,合计,Total,152,105,5033,18.48,9583,,,,2020-03-29 10:48:02,,2020-03-29
707,2020년 03월 30일 00시,합계,合计,Total,158,78,5228,18.63,9661,,,,2020-03-30 10:29:47,,2020-03-30
726,2020년 03월 31일 00시,합계,合计,Total,162,125,5408,18.87,9786,,,,2020-03-31 10:36:21,,2020-03-31
745,2020년 04월 01일 00시,합계,合计,Total,165,101,5567,19.07,9887,,,,2020-04-01 10:45:19,,2020-04-01
764,2020년 04월 02일 00시,합계,合计,Total,169,89,5828,19.24,9976,,,,2020-04-02 10:42:36,,2020-04-02
783,2020년 04월 03일 00시,합계,合计,Total,174,86,6021,19.41,10062,,,,2020-04-03 10:30:58,,2020-04-03
802,2020년 04월 04일 00시,합계,合计,Total,177,94,6325,19.59,10156,,,,2020-04-04 10:35:58,,2020-04-04
821,2020년 04월 05일 00시,합계,合计,Total,183,81,6463,19.74,10237,,,,2020-04-05 10:55:36,,2020-04-05
840,2020년 04월 06일 00시,합계,合计,Total,186,47,6598,19.84,10284,,,,2020-04-06 10:19:46,,2020-04-06
859,2020년 04월 07일 00시,합계,合计,Total,192,47,6694,19.93,10331,,,,2020-04-07 10:27:25,,2020-04-07
878,2020년 04월 08일 00시,합계,合计,Total,200,53,6776,20.03,10384,,,,2020-04-08 10:21:02,,2020-04-08
916,2020년 4월 08일 00시,합계,合计,Total,204,39,6973,20.1,10423,3246,23,16,2020-04-09 19:39:46,,2020-04-09
939,2020년 4월 09일 00시,합계,合计,Total,204,39,6973,20.1,10423,3246,23,16,2020-04-10 10:51:58,,2020-04-10
1015,2020년 04월 11일 00시,합계,合计,Total,211,30,7243,20.21,10480,3026,12,18,2020-04-11 11:04:48,,2020-04-11
1091,2020년 4월 12일 00시,합계,合计,Total,214,32,7368,20.27,10512,2930,24,8,2020-04-12 11:26:08,,2020-04-12
1110,2020년 04월 13일 00시,합계,合计,Total,217,25,7447,20.32,10537,2873,16,9,2020-04-13 11:11:18,,2020-04-13
1129,2020년 04월 14일 00시,합계,合计,Total,222,27,7534,20.38,10564,2808,12,15,2020-04-14 10:53:12,,2020-04-14
1148,2020년 04월 15일 00시,합계,合计,Total,225,27,7616,20.43,10591,2750,11,16,2020-04-15 10:14:38,,2020-04-15
1186,2020년 04월 16일 00시,합계,合计,Total,229,22,7757,20.47,10613,2627,11,11,2020-04-16 16:16:49,,2020-04-16
1205,2020년 04월 17일 00시,합계,合计,Total,230,22,7829,20.51,10635,2576,14,8,2020-04-17 11:33:23,,2020-04-17
1224,2020년 4월 18일 00시,합계,合计,Total,232,18,7937,20.55,10653,2484,9,9,2020-04-18 10:25:00,,2020-04-18
1243,2020년 04월 19일 00시,합계,合计,Total,234,8,8042,20.56,10661,2385,5,3,2020-04-19 10:41:51,,2020-04-19
1262,2020년 04월 20일 00시,합계,合计,Total,236,13,8114,20.59,10674,2324,7,6,2020-04-20 10:11:46,,2020-04-20
1281,2020년 04월 21일 00시,합계,合计,Total,237,9,8213,20.6,10683,2233,5,4,2020-04-21 10:20:02,,2020-04-21
1300,2020년 04월 22일 00시,합계,合计,Total,238,11,8277,20.63,10694,2179,6,5,2020-04-22 10:14:57,,2020-04-22
1319,2020년 04월 23일 00시,합계,合计,Total,240,8,8411,20.64,10702,2051,4,4,2020-04-23 10:12:35,,2020-04-23
1338,2020년 04월 24일 00시,합계,合计,Total,240,6,8501,20.65,10708,1967,2,4,2020-04-24 10:20:24,,2020-04-24
1357,2020년 4월 25일 00시,합계,合计,Total,240,10,8635,20.67,10718,1843,4,6,2020-04-25 10:38:45,,2020-04-25
1376,2020년 04월 26일 00시,합계,合计,Total,242,10,8717,20.69,10728,1769,9,1,2020-04-26 10:35:38,,2020-04-26
1395,2020년 04월 27일 00시,합계,合计,Total,243,10,8764,20.71,10738,1731,7,3,2020-04-27 10:12:30,,2020-04-27
1414,2020년 04월 28일 00시,합계,合计,Total,244,14,8854,20.74,10752,1654,12,2,2020-04-28 10:19:51,null,2020-04-28
1433,2020년 04월 29일 00시,합계,合计,Total,246,9,8922,20.76,10761,1593,5,4,2020-04-29 10:21:00,null,2020-04-29
1452,2020년 4월 30일 00시,합계,合计,Total,247,4,9059,20.76,10765,1459,4,,2020-04-30 10:27:29,null,2020-04-30
1471,2020년 5월 1일 00시,합계,合计,Total,248,9,9072,20.78,10774,1454,8,1,2020-05-01 10:59:29,null,2020-05-01
1490,2020년 05월 02일 00시,합계,合计,Total,250,6,9123,20.79,10780,1407,6,,2020-05-02 10:33:11,null,2020-05-02
1509,2020년 05월 03일 00시,합계,合计,Total,250,13,9183,20.82,10793,1360,10,3,2020-05-03 10:28:11,null,2020-05-03
1528,2020년 05월 04일 00시,합계,合计,Total,252,8,9217,20.83,10801,1332,8,,2020-05-04 10:14:43,null,2020-05-04
1547,2020년 5월 5일 00시,합계,合计,Total,254,3,9283,20.84,10804,1267,3,,2020-05-05 10:34:43,null,2020-05-05
1566,2020년 05월 06일 00시,합계,合计,Total,255,2,9333,20.84,10806,1218,2,,2020-05-06 10:38:37,null,2020-05-06
1585,2020년 05월 07일 00시,합계,合计,Total,256,4,9419,20.85,10810,1135,3,1,2020-05-07 10:15:28,null,2020-05-07
1604,2020년 05월 08일 00시,합계,合计,Total,256,12,9484,20.87,10822,1082,11,1,2020-05-08 10:16:57,null,2020-05-08
1623,2020년 05월 09일 00시,합계,合计,Total,256,18,9568,20.91,10840,1016,1,17,2020-05-09 10:16:23,null,2020-05-09
1642,2020년 5월 10일 00시,합계,合计,Total,256,34,9610,20.97,10874,1008,8,26,2020-05-10 10:15:23,null,2020-05-10
1661,2020년 05월 11일 00시,합계,合计,Total,256,35,9632,21.04,10909,1021,6,29,2020-05-11 10:29:03,null,2020-05-11
1680,2020년 05월 12일 00시,합계,合计,Total,258,27,9670,21.09,10936,1008,5,22,2020-05-12 10:15:54,null,2020-05-12
1699,2020년 05월 13일 00시,합계,合计,Total,259,26,9695,21.14,10962,1008,4,22,2020-05-13 10:12:54,null,2020-05-13
1718,2020년 5월 14일 00시,합계,合计,Total,260,29,9762,21.2,10991,969,3,26,2020-05-14 10:19:05,null,2020-05-14
1737,2020년 05월 15일 00시,합계,合计,Total,260,27,9821,21.25,11018,937,5,22,2020-05-15 10:16:39,null,2020-05-15
1756,2020년 5월 16일 00시,합계,合计,Total,262,19,9851,21.29,11037,924,10,9,2020-05-16 10:25:11,null,2020-05-16
1775,2020년 05월 17일 00시,합계,合计,Total,262,13,9888,21.31,11050,900,7,6,2020-05-17 10:27:46,null,2020-05-17
1794,2020년 05월 18일 00시,합계,合计,Total,263,15,9904,21.34,11065,898,10,5,2020-05-18 12:06:20,null,2020-05-18
1813,2020년 05월 19일 00시,합계,合计,Total,263,13,9938,21.37,11078,877,4,9,2020-05-19 10:22:39,null,2020-05-19
1832,2020년 05월 20일 00시,합계,合计,Total,263,32,10066,21.43,11110,781,8,24,2020-05-20 10:15:32,null,2020-05-20
1851,2020년 05월 21일 00시,합계,合计,Total,264,12,10135,21.45,11122,723,2,10,2020-05-21 10:28:54,null,2020-05-21
1870,2020년 05월 22일 00시,합계,合计,Total,264,20,10162,21.49,11142,716,9,11,2020-05-22 10:14:02,null,2020-05-22
1889,2020년 5월 23일 00시,합계,合计,Total,266,23,10194,21.53,11165,705,4,19,2020-05-23 10:37:49,null,2020-05-23
1908,2020년 05월 24일 00시,합계,合计,Total,266,25,10213,21.58,11190,711,8,17,2020-05-24 10:22:11,null,2020-05-24
1927,2020년 05월 25일 00시,합계,合计,Total,267,16,10226,21.61,11206,713,3,13,2020-05-25 11:43:49,null,2020-05-25
1946,2020년 05월 26일 00시,합계,合计,Total,269,19,10275,21.65,11225,681,3,16,2020-05-26 10:22:16,null,2020-05-26
1965,2020년 05월 27일 00시,합계,合计,Total,269,40,10295,21.73,11265,701,3,37,2020-05-27 10:11:29,null,2020-05-27
1984,2020년 05월 28일 00시,합계,合计,Total,269,79,10340,21.88,11344,735,11,68,2020-05-28 10:12:05,null,2020-05-28
2003,2020년 05월 29일 00시,합계,合计,Total,269,58,10363,21.99,11402,770,3,55,2020-05-29 10:13:01,null,2020-05-29
2041,2020년 5월 30일 00시,합계,合计,Total,269,39,10398,22.07,11441,774,12,27,2020-05-30 10:44:02,null,2020-05-30
2060,2020년 05월 31일 00시,합계,合计,Total,270,27,10405,22.12,11468,793,12,15,2020-05-31 10:14:00,null,2020-05-31
2079,2020년 06월 01일 00시,합계,合计,Total,271,35,10422,22.19,11503,810,5,30,2020-06-01 10:30:49,null,2020-06-01
2098,2020년 06월 02일 00시,합계,合计,Total,272,38,10446,22.26,11541,823,2,36,2020-06-02 10:58:29,null,2020-06-02
2117,2020년 06월 03일 00시,합계,合计,Total,273,49,10467,22.35,11590,850,3,46,2020-06-03 11:06:29,null,2020-06-03
2136,2020년 06월 04일 00시,합계,合计,Total,273,39,10499,22.43,11629,857,6,33,2020-06-04 10:59:54,null,2020-06-04
2155,2020년 06월 05일 00시,합계,合计,Total,273,39,10506,22.5,11668,889,5,34,2020-06-05 13:11:14,null,2020-06-05
2174,2020년 6월 5일 00시,합계,合计,Total,273,51,10531,22.6,11719,915,8,43,2020-06-06 10:22:42,null,2020-06-06
2193,2020년 06월 07일 00시,합계,合计,Total,273,57,10552,22.71,11776,951,4,53,2020-06-07 10:22:50,null,2020-06-07
2212,2020년 06월 08일 00시,합계,合计,Total,273,38,10563,22.79,11814,978,5,33,2020-06-08 10:35:23,null,2020-06-08
2231,2020년 06월 09일 00시,합계,合计,Total,274,38,10589,22.86,11852,989,3,35,2020-06-09 13:14:25,null,2020-06-09
2250,2020년 06월 10일 00시,합계,合计,Total,276,50,10611,22.96,11902,1015,7,43,2020-06-10 10:35:09,null,2020-06-10
2269,2020년 06월 11일 00시,합계,合计,Total,276,45,10654,23.04,11947,1017,5,40,2020-06-11 13:38:28,null,2020-06-11
2288,2020년 06월 12일 00시,합계,合计,Total,277,56,10669,23.15,12003,1057,13,43,2020-06-12 11:01:13,null,2020-06-12
2307,2020년 6월 13일 00시,합계,合计,Total,277,49,10691,23.24,12051,1083,5,44,2020-06-13 10:21:23,null,2020-06-13
2326,2020년 06월 14일 00시,합계,合计,Total,277,34,10718,23.31,12085,1090,3,31,2020-06-14 10:19:46,null,2020-06-14
2345,2020년 06월 15일 00시,합계,合计,Total,277,37,10730,23.38,12121,1114,13,24,2020-06-15 10:20:21,null,2020-06-15
2364,2020년 06월 16일 00시,합계,合计,Total,278,34,10760,23.44,12155,1117,13,21,2020-06-16 11:32:19,null,2020-06-16
2383,2020년 06월 17일 00시,합계,合计,Total,279,43,10774,23.53,12198,1145,12,31,2020-06-17 14:27:11,null,2020-06-17
2402,2020년 06월 18일 00시,합계,合计,Total,280,59,10800,23.64,12257,1177,8,51,2020-06-18 10:18:24,null,2020-06-18
2421,2020년 06월 19일 00시,합계,合计,Total,280,49,10835,23.73,12306,1191,17,32,2020-06-19 10:13:58,null,2020-06-19
2440,2020년 06월 20일 00시,합계,合计,Total,280,67,10856,23.86,12373,1237,31,36,2020-06-20 10:25:57,null,2020-06-20
2459,2020년 6월 21일 00시,합계,合计,Total,280,48,10868,23.96,12421,1273,8,40,2020-06-21 10:12:22,null,2020-06-21
2478,2020년 06월 22일 00시,합계,合计,Total,280,17,10881,23.99,12438,1277,6,11,2020-06-22 10:13:49,null,2020-06-22
2497,2020년 06월 23일 00시,합계,合计,Total,281,46,10908,24.08,12484,1295,30,16,2020-06-23 10:19:28,null,2020-06-23
2516,2020년 06월 24일 00시,합계,合计,Total,281,51,10930,24.18,12535,1324,20,31,2020-06-24 10:30:38,null,2020-06-24
2535,2020년 06월 25일 00시,합계,合计,Total,282,28,10974,24.23,12563,1307,5,23,2020-06-25 10:21:09,null,2020-06-25
2554,2020년 06월 26일 00시,합계,合计,Total,282,39,11172,24.31,12602,1148,12,27,2020-06-26 10:40:20,null,2020-06-26
2592,2020년 6월 27일 00시,합계,合计,Total,282,51,11317,24.4,12653,1054,20,31,2020-06-27 18:11:09,null,2020-06-27
2611,2020년 06월 28일 00시,합계,合计,Total,282,62,11364,24.52,12715,1069,22,40,2020-06-28 10:12:37,null,2020-06-28
2630,2020년 06월 29일 00시,합계,合计,Total,282,42,11429,24.6,12757,1046,12,30,2020-06-29 10:17:07,null,2020-06-29
2649,2020년 06월 30일 00시,합계,合计,Total,282,43,11537,24.69,12800,981,20,23,2020-06-30 10:25:30,null,2020-06-30
2668,2020년 07월 01일 00시,합계,合计,Total,282,51,11613,24.78,12850,955,15,36,2020-07-01 10:28:45,null,2020-07-01
2687,2020년 07월 02일 00시,합계,合计,Total,282,54,11684,24.89,12904,938,10,44,2020-07-02 10:20:33,null,2020-07-02
2706,2020년 07월 03일 00시,합계,合计,Total,282,63,11759,25.01,12967,926,11,52,2020-07-03 10:57:41,null,2020-07-03
2725,2020년 07월 04일 00시,합계,合计,Total,283,63,11811,25.13,13030,936,27,36,2020-07-04 10:14:09,null,2020-07-04
2782,2020년 07월 05일 00시,합계,合计,Total,283,61,11832,25.25,13091,976,18,43,2020-07-05 10:31:21,null,2020-07-05
2801,2020년 07월 06일 00시,합계,合计,Total,284,48,11848,25.34,13137,1005,24,24,2020-07-06 10:28:22,null,2020-07-06
2820,2020년 07월 07일 00시,합계,合计,Total,285,44,11914,25.42,13181,982,24,20,2020-07-07 10:53:47,null,2020-07-07
2839,2020년 07월 08일 00시,합계,合计,Total,285,63,11970,25.54,13244,989,33,30,2020-07-08 10:31:16,null,2020-07-08
2858,2020년 07월 09일 00시,합계,合计,Total,287,50,12019,25.64,13293,987,22,28,2020-07-09 10:35:10,null,2020-07-09
2877,2020년 07월 10일 00시,합계,合计,Total,288,45,12065,25.73,13338,985,23,22,2020-07-10 10:13:18,null,2020-07-10
2896,2020년 07월 11일 00시,합계,合计,Total,288,35,12144,25.79,13373,941,15,20,2020-07-11 10:04:34,null,2020-07-11
2915,2020년 07월 12일 00시,합계,合计,Total,289,44,12178,25.88,13417,950,23,21,2020-07-12 10:30:54,null,2020-07-12
2934,2020년 07월 13일 00시,합계,合计,Total,289,62,12204,26,13479,986,43,19,2020-07-13 10:13:51,null,2020-07-13
2953,2020년 07월 14일 00시,합계,合计,Total,289,33,122282,26.06,13512,941,19,14,2020-07-14 10:57:21,2020-07-14 11:07:19,2020-07-14
2991,2020년 07월 15일 00시,합계,合计,Total,289,39,12348,26.14,13551,914,28,11,2020-07-15 10:22:26,null,2020-07-15
3010,2020년 07월 16일 00시,합계,合计,Total,291,61,12396,26.25,13612,925,47,14,2020-07-16 10:23:27,null,2020-07-16
3029,2020년 07월 17일 00시,합계,合计,Total,293,60,12460,26.37,13672,919,39,21,2020-07-17 10:26:52,null,2020-07-17
3048,2020년 07월 18일 00시,합계,合计,Total,294,39,12519,26.44,13711,898,28,11,2020-07-18 10:35:23,null,2020-07-18
3067,2020년 07월 19일 00시,합계,合计,Total,295,34,12556,26.51,13745,894,13,21,2020-07-19 10:18:44,null,2020-07-19
3105,2020년 07월 20일 00시,합계,合计,Total,296,26,12572,26.56,13771,903,22,4,2020-07-20 10:25:04,null,2020-07-20
3143,2020년 07월 21일 00시,합계,合计,Total,296,45,12643,26.56,13816,877,25,20,2020-07-21 10:20:17,null,2020-07-21
3162,2020년 07월 22일 00시,합계,合计,Total,297,63,12698,26.77,13879,884,34,29,2020-07-22 10:52:30,null,2020-07-22
3181,2020년 07월 23일 00시,합계,合计,Total,297,59,12758,26.88,13938,883,20,39,2020-07-23 10:41:53,null,2020-07-23
3257,2020년 07월 24일 00시,합계,合计,Total,298,41,12817,26.96,13979,864,13,28,2020-07-24 10:47:50,null,2020-07-24
3276,2020년 07월 25일 00시,합계,合计,Total,298,113,12866,27.18,14092,928,86,27,2020-07-25 10:15:38,null,2020-07-25
3295,2020년 07월 26일 00시,합계,合计,Total,298,58,12890,27.29,14150,962,46,12,2020-07-26 10:27:23,null,2020-07-26
3314,2020년 07월 27일 00시,합계,合计,Total,299,25,12905,27.34,14175,971,16,9,2020-07-27 10:27:20,null,2020-07-27
3333,2020년 07월 28일 00시,합계,合计,Total,300,28,13007,27.39,14203,896,23,5,2020-07-28 10:13:49,null,2020-07-28
3352,2020년 07월 29일 00시,합계,合计,Total,300,48,13069,27.49,14251,882,34,14,2020-07-29 10:35:11,null,2020-07-29
3371,2020년 07월 30일 00시,합계,合计,Total,300,18,13132,27.52,14269,837,11,7,2020-07-30 10:15:21,null,2020-07-30
3409,2020년 07월 31일 00시,합계,合计,Total,301,36,13183,27.59,14305,821,22,14,2020-07-31 10:17:44,null,2020-07-31
3428,2020년 08월 01일 00시,합계,合计,Total,301,31,13233,27.65,14336,802,23,8,2020-08-01 11:09:59,null,2020-08-01
3447,2020년 08월 02일 00시,합계,合计,Total,301,30,13259,27.71,14366,806,22,8,2020-08-02 10:17:42,null,2020-08-02
3466,2020년 08월 03일 00시,합계,合计,Total,301,23,13280,27.75,14389,808,20,3,2020-08-03 10:17:50,null,2020-08-03
3485,2020년 08월 04일 00시,합계,合计,Total,301,34,13352,27.82,14423,770,21,13,2020-08-04 10:17:48,null,2020-08-04
3504,2020년 08월 05일 00시,합계,合计,Total,302,33,13406,27.88,14456,748,18,15,2020-08-05 10:56:41,null,2020-08-05
3542,2020년 08월 06일 00시,합계,合计,Total,302,43,13501,27.96,14499,696,20,23,2020-08-06 14:56:07,null,2020-08-06
3561,2020년 08월 07일 00시,합계,合计,Total,303,20,13543,28,14519,673,11,9,2020-08-07 11:07:31,null,2020-08-07
3580,2020년 08월 08일 00시,합계,合计,Total,304,43,13629,28.09,14562,629,13,30,2020-08-08 10:26:12,null,2020-08-08
3599,2020년 08월 09일 00시,합계,合计,Total,305,36,13642,28.16,14598,651,6,30,2020-08-09 10:19:09,null,2020-08-09
3618,2020년 08월 10일 00시,합계,合计,Total,305,28,13658,28.21,14626,663,11,17,2020-08-10 10:50:14,null,2020-08-10
3637,2020년 08월 11일 00시,합계,合计,Total,305,34,13729,28.28,14660,626,11,23,2020-08-11 10:50:59,null,2020-08-11
3656,2020년 08월 12일 00시,합계,合计,Total,305,54,13786,28.38,14714,623,19,35,2020-08-12 10:34:49,null,2020-08-12
3675,2020년 08월 13일 00시,합계,合计,Total,305,56,13817,28.49,14770,648,9,47,2020-08-13 10:29:55,null,2020-08-13
3694,2020년 08월 14일 00시,합계,合计,Total,305,103,13863,28.69,14873,705,18,85,2020-08-14 10:36:59,null,2020-08-14
3713,2020년 08월 15일 00시,합계,合计,Total,305,166,13901,29.01,15039,833,11,155,2020-08-15 10:36:55,null,2020-08-15
3732,2020년 08월 16일 00시,합계,合计,Total,305,279,13901,29.54,15318,833,12,267,2020-08-16 11:10:56,null,2020-08-16
3751,2020년 08월 17일 00시,합계,合计,Total,305,197,13917,29.92,15515,1293,9,188,2020-08-17 10:41:58,null,2020-08-17
3808,2020년 08월 18일 00시,합계,合计,Total,306,246,13934,30.4,15761,1521,11,235,2020-08-18 10:22:31,null,2020-08-18
3827,2020년 08월 19일 00시,합계,合计,Total,306,297,14006,30.97,16058,1746,14,283,2020-08-19 10:36:09,null,2020-08-19
3846,2020년 08월 20일 00시,합계,合计,Total,307,288,14063,31.53,16346,1976,12,276,2020-08-20 10:18:38,null,2020-08-20
3865,2020년 08월 21일 00시,합계,合计,Total,309,324,14120,32.15,16670,2241,9,315,2020-08-21 10:16:42,null,2020-08-21
3884,2020년 08월 22일 00시,합계,合计,Total,309,332,14169,32.79,17002,2524,17,315,2020-08-22 10:26:34,null,2020-08-22
3903,2020년 08월 23일 00시,합계,合计,Total,309,397,14200,33.56,17399,2890,10,387,2020-08-23 10:19:18,null,2020-08-23
3922,2020년 08월 24일 00시,합계,合计,Total,309,266,14219,34.07,17665,3137,8,258,2020-08-24 11:30:23,null,2020-08-24
3941,2020년 08월 25일 00시,합계,合计,Total,310,280,14286,34.61,17945,3349,16,264,2020-08-25 10:45:20,null,2020-08-25
3960,2020년 08월 26일 00시,합계,合计,Total,312,320,14368,35.23,18265,3585,13,307,2020-08-26 11:51:47,null,2020-08-26
3979,2020년 08월 27일 00시,합계,合计,Total,313,441,14461,36.08,18706,3932,7,434,2020-08-27 10:35:04,null,2020-08-27
3998,2020년 08월 28일 00시,합계,合计,Total,316,371,14551,36.79,19077,4210,12,359,2020-08-28 11:11:36,null,2020-08-28
4017,2020년 08월 29일 00시,합계,合计,Total,321,323,14765,37.42,19400,4314,15,308,2020-08-29 10:20:36,null,2020-08-29
4036,2020년 08월 30일 00시,합계,合计,Total,323,299,14903,37.99,19699,4473,16,283,2020-08-30 10:38:00,null,2020-08-30
4055,2020년 08월 31일 00시,합계,合计,Total,324,248,14973,38.47,19947,4650,10,238,2020-08-31 10:30:43,null,2020-08-31
4074,2020년 09월 01일 00시,합계,合计,Total,324,235,15198,38.93,20182,4660,13,222,2020-09-01 10:51:20,null,2020-09-01
4093,2020년 09월 02일 00시,합계,合计,Total,326,267,15356,39.44,20449,4767,14,253,2020-09-02 11:55:43,null,2020-09-02
4112,2020년 09월 03일 00시,합계,合计,Total,329,195,15529,39.82,20644,4786,7,188,2020-09-03 14:12:44,null,2020-09-03
4131,2020년 09월 04일 00시,합계,合计,Total,331,198,15783,40.2,20842,4728,9,189,2020-09-04 9:58:07,null,2020-09-04
4150,2020년 09월 05일 00시,합계,合计,Total,333,168,16009,40.52,21010,4668,10,158,2020-09-05 10:10:47,null,2020-09-05
4169,2020년 09월 06일 00시,합계,合计,Total,334,167,16146,40.84,21177,4697,15,152,2020-09-06 9:46:13,null,2020-09-06
4188,2020년 09월 07일 00시,합계,合计,Total,336,119,16297,41.07,21296,4663,11,108,2020-09-07 13:30:57,null,2020-09-07
4207,2020년 09월 08일 00시,합계,合计,Total,341,136,16636,41.34,21432,4455,16,120,2020-09-08 9:47:37,null,2020-09-08
4226,2020년 09월 09일 00시,합계,合计,Total,344,156,17023,41.64,21588,4221,12,144,2020-09-09 10:12:05,null,2020-09-09
4245,2020년 09월 10일 00시,합계,合计,Total,346,155,17360,41.94,21743,4037,14,141,2020-09-10 9:57:03,null,2020-09-10
4264,2020년 09월 11일 00시,합계,合计,Total,350,176,17616,42.28,21919,3953,15,161,2020-09-11 9:44:39,null,2020-09-11
4283,2020년 09월 12일 00시,합계,合计,Total,355,136,18029,42.54,22055,3671,18,118,2020-09-12 10:06:56,null,2020-09-12
4302,2020년 09월 13일 00시,합계,合计,Total,358,121,18226,42.77,22176,3592,22,99,2020-09-13 10:18:35,null,2020-09-13
4321,2020년 09월 14일 00시,합계,合计,Total,363,109,18489,42.98,22285,3433,11,98,2020-09-14 10:10:50,null,2020-09-14
4340,2020년 09월 15일 00시,합계,合计,Total,367,106,18878,43.19,22391,3146,15,91,2020-09-15 9:49:05,null,2020-09-15
4359,2020년 09월 16일 00시,합계,合计,Total,367,113,19310,43.4,22504,2827,8,105,2020-09-16 9:37:40,null,2020-09-16
4378,2020년 09월 17일 00시,합계,合计,Total,372,153,19543,43.7,22657,2742,8,145,2020-09-17 11:56:10,null,2020-09-17
4397,2020년 09월 18일 00시,합계,合计,Total,377,126,19771,43.94,22783,2635,17,109,2020-09-18 10:00:07,null,2020-09-18
4416,2020년 09월 19일 00시,합계,合计,Total,378,110,19970,44.15,22893,2545,4,106,2020-09-19 10:09:31,null,2020-09-19
4435,2020년 09월 20일 00시,합계,合计,Total,383,82,20158,44.31,22975,2434,10,72,2020-09-20 9:59:49,null,2020-09-20
4454,2020년 09월 21일 00시,합계,合计,Total,385,70,20248,44.45,23045,2412,15,55,2020-09-21 10:04:45,null,2020-09-21
4473,2020년 09월 22일 00시,합계,合计,Total,388,61,20441,44.57,23106,2277,10,51,2020-09-22 10:11:03,null,2020-09-22
4492,2020년 09월 23일 00시,합계,合计,Total,388,110,20650,44.78,23216,2178,11,99,2020-09-23 10:11:17,null,2020-09-23
4511,2020년 09월 24일 00시,합계,合计,Total,393,125,20832,45.02,23341,2116,15,110,2020-09-24 10:06:41,null,2020-09-24
4549,2020년 09월 25일 00시,합계,合计,Total,395,114,20978,45.24,23455,2082,19,95,2020-09-25 9:56:26,null,2020-09-25
4568,2020년 09월 26일 00시,합계,合计,Total,399,61,21166,45.36,23516,1951,49,12,2020-09-26 10:27:42,null,2020-09-26
4625,2020년 09월 27일 00시,합계,合计,Total,401,95,21248,45.54,23611,1962,22,73,2020-09-27 10:57:49,null,2020-09-27
4644,2020년 09월 28일 00시,합계,合计,Total,406,50,21292,45.64,23661,1963,10,40,2020-09-28 10:25:30,null,2020-09-28
4663,2020년 09월 29일 00시,합계,合计,Total,407,38,21470,45.71,23699,1822,15,23,2020-09-29 9:40:35,null,2020-09-29
4682,2020년 09월 30일 00시,합계,合计,Total,413,113,21590,45.93,23812,1809,20,93,2020-09-30 9:32:16,null,2020-09-30
4720,2020년 10월 01일 00시,합계,合计,Total,415,77,21666,46.08,23889,1808,10,67,2020-10-01 9:41:42,null,2020-10-01
4739,2020년 10월 02일 00시,합계,合计,Total,416,63,21733,46.2,23952,1803,10,53,2020-10-02 10:02:08,null,2020-10-02
4777,2020년 10월 03일 00시,합계,合计,Total,420,75,21787,46.2,24027,1820,23,52,2020-10-03 10:23:57,null,2020-10-03
4796,2020년 10월 04일 00시,합계,合计,Total,421,64,21845,46.47,24091,1825,17,47,2020-10-04 9:42:24,null,2020-10-04
4815,2020년 10월 05일 00시,합계,合计,Total,422,73,21886,46.61,24164,1856,9,64,2020-10-05 9:35:30,null,2020-10-05
4834,2020년 10월 06일 00시,합계,合计,Total,422,75,22083,46.75,24239,1734,9,66,2020-10-06 9:43:18,null,2020-10-06
4853,2020년 10월 07일 00시,합계,合计,Total,425,114,22334,46.97,24353,1594,20,94,2020-10-07 9:42:58,null,2020-10-07
4872,2020년 10월 08일 00시,합계,合计,Total,427,69,22463,47.1,24422,1532,9,60,2020-10-08 10:02:01,null,2020-10-08
4891,2020년 10월 09일 00시,합계,合计,Total,428,54,22569,47.21,24476,1479,16,38,2020-10-09 9:42:28,null,2020-10-09
4910,2020년 10월 10일 00시,합계,合计,Total,430,72,22624,47.35,24548,1494,11,61,2020-10-10 9:53:51,null,2020-10-10
4929,2020년 10월 11일 00시,합계,合计,Total,432,58,22693,47.46,24606,1481,12,46,2020-10-11 9:32:54,null,2020-10-11
4948,2020년 10월 12일 00시,합계,合计,Total,433,97,22729,47.65,24703,1541,29,68,2020-10-12 9:40:31,null,2020-10-12
4986,2020년 10월 13일 00시,합계,合计,Total,434,102,22863,47.84,24805,1508,33,69,2020-10-13 9:39:01,null,2020-10-13
5005,2020년 10월 14일 00시,합계,合计,Total,438,84,23030,48,24889,1421,31,53,2020-10-14 9:38:25,null,2020-10-14
5024,2020년 10월 15일 00시,합계,合计,Total,439,110,23082,48.2,24988,1467,15,95,2020-10-15 9:41:57,null,2020-10-15
5043,2020년 10월 16일 00시,합계,合计,Total,441,47,23180,48.29,25035,1414,6,41,2020-10-16 9:36:37,null,2020-10-16
5062,2020년 10월 17일 00시,합계,合计,Total,443,73,23258,48.43,25108,1407,11,62,2020-10-17 9:52:08,null,2020-10-17
5081,2020년 10월 18일 00시,합계,合计,Total,444,91,23312,48.6,25199,1443,20,71,2020-10-18 9:41:20,null,2020-10-18
5119,2020년 10월 19일 00시,합계,合计,Total,444,76,23368,48.75,25275,1463,26,50,2020-10-19 10:26:37,null,2020-10-19
5138,2020년 10월 20일 00시,합계,合计,Total,447,58,23466,48.86,25333,1420,17,41,2020-10-20 13:48:10,null,2020-10-20
5157,2020년 10월 21일 00시,합계,合计,Total,450,91,23584,49.04,25424,1390,34,57,2020-10-21 9:35:15,null,2020-10-21
5176,2020년 10월 22일 00시,합계,合计,Total,453,121,23647,49.27,25543,1443,17,104,2020-10-22 9:42:03,null,2020-10-22
5195,2020년 10월 23일 00시,합계,合计,Total,455,155,23717,49.56,25698,1526,17,138,2020-10-23 9:38:24,null,2020-10-23
5214,2020년 10월 24일 00시,합계,合计,Total,457,77,23834,49.71,25775,1484,11,66,2020-10-24 10:35:38,null,2020-10-24
5233,2020년 10월 25일 00시,합계,合计,Total,457,61,23869,49.83,25836,1510,11,50,2020-10-25 9:36:09,null,2020-10-25
5252,2020년 10월 26일 00시,합계,合计,Total,457,119,23905,50.06,25955,1593,25,94,2020-10-26 9:37:30,null,2020-10-26
5271,2020년 10월 27일 00시,합계,合计,Total,460,88,23981,50.23,26043,1602,16,72,2020-10-27 9:38:57,null,2020-10-27
5290,2020년 10월 28일 00시,합계,合计,Total,461,103,24073,50.43,26146,1612,7,96,2020-10-28 9:36:34,null,2020-10-28
5309,2020년 10월 29일 00시,합계,合计,Total,462,125,24168,50.67,26271,1641,19,106,2020-10-29 9:38:18,null,2020-10-29
5328,2020년 10월 30일 00시,합계,合计,Total,463,114,24227,50.89,26385,1695,21,93,2020-10-30 9:32:36,null,2020-10-30
5347,2020년 10월 31일 00시,합계,合计,Total,464,127,24311,51.13.,26511,1736,31,96,2020-10-31 9:41:54,null,2020-10-31
5366,2020년 11월 01일 00시,합계,合计,Total,466,124,24357,51.37,26635,1812,23,101,2020-11-01 9:42:56,null,2020-11-01
5385,2020년 11월 02일 00시,합계,合计,Total,468,97,24395,51.56,26732,1869,18,79,2020-11-02 9:36:22,null,2020-11-02
5423,2020년 11월 03일 00시,합계,合计,Total,472,75,24510,51.7,26807,1825,29,46,2020-11-03 9:32:00,null,2020-11-03
5461,2020년 11월 04일 00시,합계,合计,Total,474,118,24616,51.7,26925,1835,20,98,2020-11-04 9:48:47,null,2020-11-04
5480,2020년 11월 05일 00시,합계,合计,Total,475,125,24735,51.7,27050,1840,17,108,2020-11-05 9:54:02,null,2020-11-05
5499,2020년 11월 06일 00시,합계,合计,Total,476,145,24821,52.45,27195,1898,28,117,2020-11-06 9:25:28,null,2020-11-06
5518,2020년 11월 07일 00시,합계,合计,Total,477,89,24910,52.62,27284,1897,17,72,2020-11-07 9:46:07,null,2020-11-07
5537,2020년 11월 08일 00시,합계,合计,Total,478,143,24968,52.45,27427,1981,25,118,2020-11-08 9:35:35,null,2020-11-08
5556,2020년 11월 09일 00시,합계,合计,Total,480,126,25029,53.14,27553,2044,27,99,2020-11-09 9:37:30,null,2020-11-09
5575,2020년 11월 10일 00시,합계,合计,Total,485,100,25160,53.34,27653,2008,29,71,2020-11-10 9:37:34,null,2020-11-10
5594,2020년 11월 11일 00시,합계,合计,Total,487,146,25266,53.62,27799,2046,33,113,2020-11-11 9:36:03,null,2020-11-11
5613,2020년 11월 12일 00시,합계,合计,Total,487,143,25404,53.89,27942,2051,15,128,2020-11-12 9:39:45,null,2020-11-12
5632,2020년 11월 13일 00시,합계,合计,Total,488,191,25537,54.26,28133,2108,29,162,2020-11-13 9:36:19,null,2020-11-13
5651,2020년 11월 14일 00시,합계,合计,Total,492,205,25636,54.66,28338,2210,39,166,2020-11-14 9:35:34,null,2020-11-14
5670,2020년 11월 15일 00시,합계,合计,Total,493,208,25691,55.06,28546,2362,32,176,2020-11-15 9:40:46,null,2020-11-15
5689,2020년 11월 16일 00시,합계,合计,Total,494,223,25759,55.49,28769,2516,30,193,2020-11-16 9:34:53,null,2020-11-16
5708,2020년 11월 17일 00시,합계,合计,Total,494,230,25860,55.93,28998,2644,28,202,2020-11-17 9:37:36,null,2020-11-17
5727,2020년 11월 18일 00시,합계,合计,Total,496,313,25973,56.53,29311,2842,68,245,2020-11-18 9:34:20,null,2020-11-18
5746,2020년 11월 19일 00시,합계,合计,Total,498,343,26098,57.19,29654,3058,50,293,2020-11-19 9:33:08,null,2020-11-19
5765,2020년 11월 20일 00시,합계,合计,Total,501,363,26263,57.89,30017,3253,43,320,2020-11-20 9:36:11,null,2020-11-20
5784,2020년 11월 21일 00시,합계,合计,Total,503,386,26365,58.64,30403,3535,25,361,2020-11-21 9:44:25,null,2020-11-21
5803,2020년 11월 22일 00시,합계,合计,Total,505,330,26466,59.28,30733,3762,28,302,2020-11-22 9:35:42,null,2020-11-22
5822,2020년 11월 23일 00시,합계,合计,Total,509,271,26539,59.8,31004,3956,16,255,2020-11-23 9:33:43,null,2020-11-23
5841,2020년 11월 24일 00시,합계,合计,Total,510,349,26722,60.47,31353,4121,29,320,2020-11-24 9:34:47,null,2020-11-24
5860,2020년 11월 25일 00시,합계,合计,Total,513,382,26825,81.16,31735,4397,19,363,2020-11-25 9:48:20,null,2020-11-25
5917,2020년 11월 26일 00시,합계,合计,Total,515,583,26950,62.33,32318,4853,30,553,2020-11-26 9:50:25,null,2020-11-26
5936,2020년 11월 27일 00시,합계,合计,Total,516,569,27103,63.43,32887,5268,44,525,2020-11-27 9:39:52,null,2020-11-27
5955,2020년 11월 28일 00시,합계,合计,Total,522,504,27349,64,33375,5504,18,486,2020-11-28 9:39:42,null,2020-11-28
5993,2020년 11월 29일 00시,합계,合计,Total,523,450,27542,65.24,33824,5759,37,413,2020-11-29 14:14:47,null,2020-11-29
6012,2020년 11월 30일 00시,합계,合计,Total,526,438,27625,65.96,53372,6050,24,414,2020-11-30 14:29:37,null,2020-11-30
6031,2020년 12월 01일 00시,합계,合计,Total,526,451,27885,66.83,34652,6241,31,420,2020-12-01 9:37:38,null,2020-12-01
6050,2020년 12월 02일 00시,합계,合计,Total,526,511,28065,67.82,35163,6572,18,493,2020-12-02 9:33:36,null,2020-12-02
6069,2020년 12월 03일 00시,합계,合计,Total,529,540,28352,68.86,35703,6822,24,516,2020-12-03 9:50:08,null,2020-12-03
6088,2020년 12월 04일 00시,합계,合计,Total,536,629,28611,70.07,36332,7185,29,600,2020-12-04 9:45:01,null,2020-12-04
6107,2020년 12월 05일 00시,합계,合计,Total,540,583,28917,71.2,36915,7458,24,559,2020-12-05 10:19:53,null,2020-12-05
6126,2020년 12월 06일 00시,합계,合计,Total,545,631,29128,72.42,37546,7873,32,599,2020-12-06 9:49:20,null,2020-12-06
6145,2020년 12월 07일 00시,합계,合计,Total,549,615,29301,73.6,38161,8311,35,580,2020-12-07 9:30:40,null,2020-12-07
6164,2020년 12월 08일 00시,합계,合计,Total,552,594,29650,74.75,38755,8553,28,566,2020-12-08 9:30:26,null,2020-12-08
6183,2020년 12월 09일 00시,합계,合计,Total,556,686,30177,76.05,39432,8699,24,662,2020-12-09 9:44:47,null,2020-12-09
6202,2020년 12월 10일 00시,합계,合计,Total,564,682,30637,77.34,40098,8897,36,646,2020-12-10 9:27:36,null,2020-12-10
6221,2020년 12월 11일 00시,합계,合计,Total,572,689,31157,78.67,40786,9057,16,673,2020-12-11 9:33:34,null,2020-12-11
6240,2020년 12월 12일 00시,합계,合计,Total,578,950,31493,80.5,41736,9665,22,928,2020-12-12 9:19:26,null,2020-12-12
6259,2020년 12월 13일 00시,합계,合计,Total,580,1030,31814,20.1,42766,10372,28,1002,2020-12-13 9:51:21,null,2020-12-13
6278,2020년 12월 14일 00시,합계,合计,Total,587,718,32102,83.87,43484,10795,36,682,2020-12-14 9:38:35,null,2020-12-14
6297,2020년 12월 15일 00시,합계,合计,Total,600,880,32559,85.57,44364,11205,32,848,2020-12-15 9:35:01,null,2020-12-15
6316,2020년 12월 16일 00시,합계,合计,Total,612,1078,32947,87.65,45442,11883,24,1054,2020-12-16 9:38:34,null,2020-12-16
6354,2020년 12월 17일 00시,합계,合计,Total,634,1014,33610,89.6,46453,12209,21,993,2020-12-17 10:19:46,null,2020-12-17
6373,2020년 12월 18일 00시,합계,合计,Total,645,1062,33982,91.64,47515,12888,26,1036,2020-12-18 9:37:27,null,2020-12-18
6411,2020년 12월 19일 00시,합계,合计,Total,659,1053,34334,93.68,48570,13577,24,1029,2020-12-19 10:29:03,null,2020-12-19
6430,2020년 12월 20일 00시,합계,合计,Total,674,1097,34722,95.79,49665,14269,25,1072,2020-12-20 9:36:42,null,2020-12-20
6449,2020년 12월 21일 00시,합계,合计,Total,698,926,35155,154.51,50591,14738,34,892,2020-12-21 9:35:39,null,2020-12-21
6506,2020년 12월 22일 00시,합계,合计,Total,722,869,35928,99.25,51460,14810,45,824,2020-12-22 14:41:34,null,2020-12-22
6544,2020년 12월 23일 00시,합계,合计,Total,739,1092,36726,101.35,52550,15085,32,1060,2020-12-23 9:46:13,null,2020-12-23
6582,2020년 12월 24일 00시,합계,合计,Total,756,985,37425,103.25,53533,15352,30,955,2020-12-24 9:45:58,null,2020-12-24
6601,2020년 12월 25일 00시,합계,合计,Total,773,1241,38048,105.64,54770,15949,25,1216,2020-12-25 9:24:22,null,2020-12-25
6620,2020년 12월 26일 00시,합계,合计,Total,793,1132,38532,107.82,55902,16577,28,1104,2020-12-26 9:35:59,null,2020-12-26
6639,2020년 12월 27일 00시,합계,合计,Total,808,970,39040,109.69,56872,17024,24,946,2020-12-27 9:38:30,null,2020-12-27
6658,2020년 12월 28일 00시,합계,合计,Total,819,808,39268,111.25,57680,17593,21,787,2020-12-28 9:37:00,null,2020-12-28
6696,2020년 12월 29일 00시,합계,合计,Total,859,1046,40703,113.26,58725,17163,16,1030,2020-12-29 14:14:13,null,2020-12-29
6715,2020년 12월 30일 00시,합계,合计,Total,879,1050,41435,115.29,59773,17459,25,1025,2020-12-30 9:36:08,null,2020-12-30
6734,2020년 12월 31일 00시,합계,合计,Total,900,967,42271,117.15,60740,17569,27,940,2020-12-31 9:35:50,null,2020-12-31
6753,2021년 01월 01일 00시,합계,合计,Total,917,1029,42953,52.62,61769,17899,25,1004,2021-01-01 9:41:33,null,2021-01-01
6772,2021년 01월 02일 00시,합계,合计,Total,942,824,43578,120.73,62593,18073,36,788,2021-01-02 9:35:44,null,2021-01-02
6791,2021년 01월 03일 00시,합계,合计,Total,962,657,44507,121.98,63244,17775,16,641,2021-01-03 9:41:24,null,2021-01-03
6810,2021년 01월 04일 00시,합계,合计,Total,981,1020,45240,123.95,64264,18043,35,985,2021-01-04 9:45:56,null,2021-01-04
6848,2021년 01월 05일 00시,합계,合计,Total,1007,715,46172,125.33,64979,17800,43,672,2021-01-05 13:24:08,null,2021-01-05
6867,2021년 01월 06일 00시,합계,合计,Total,1027,840,46995,126.95,65818,17796,31,809,2021-01-06 9:42:15,null,2021-01-06
6886,2021년 01월 07일 00시,합계,合计,Total,1046,870,47649,128.62,66686,17991,37,833,2021-01-07 9:39:01,null,2021-01-07
6905,2021년 01월 08일 00시,합계,合计,Total,1081,674,48369,129.92,67358,17908,41,633,2021-01-08 9:41:24,null,2021-01-08
6924,2021년 01월 09일 00시,합계,合计,Total,1100,641,49324,131.15,67999,17575,45,596,2021-01-09 9:41:55,null,2021-01-09
6943,2021년 01월 10일 00시,합계,合计,Total,1125,665,50409,132.43,68664,17130,34,631,2021-01-10 9:31:10,null,2021-01-10
6962,2021년 01월 11일 00시,합계,合计,Total,1140,451,52552,133.3,69114,15422,32,419,2021-01-11 9:41:44,null,2021-01-11
6981,2021년 01월 12일 00시,합계,合计,Total,1165,537,53569,134.34,69651,14917,29,508,2021-01-12 9:36:49,null,2021-01-12
7000,2021년 01월 13일 00시,합계,合计,Total,1185,562,54636,135.42,70212,14391,26,536,2021-01-13 9:38:47,null,2021-01-13
7019,2021년 01월 14일 00시,합계,合计,Total,1195,524,55772,136.42,70728,13761,28,496,2021-01-14 9:36:53,null,2021-01-14
7038,2021년 01월 15일 00시,합계,合计,Total,1217,513,56536,137.4,71241,13488,29,484,2021-01-15 9:39:46,null,2021-01-15
7057,2021년 01월 16일 00시,합계,合计,Total,1236,580,57554,138.52,71820,13030,33,547,2021-01-16 9:49:52,null,2021-01-16
7076,2021년 01월 17일 00시,합계,合计,Total,1249,520,58253,52.62,72340,12838,20,500,2021-01-17 9:38:57,null,2021-01-17
7095,2021년 01월 18일 00시,합계,合计,Total,1264,389,58723,140.27,72729,12742,23,366,2021-01-18 9:39:05,null,2021-01-18
7114,2021년 01월 19일 00시,합계,合计,Total,1283,386,59468,141.02,73115,12364,35,351,2021-01-19 9:40:45,null,2021-01-19
7133,2021년 01월 20일 00시,합계,合计,Total,1300,404,60180,141.8,73518,12038,31,373,2021-01-20 9:40:01,null,2021-01-20
7152,2021년 01월 21일 00시,합계,合计,Total,1316,401,60846,142.57,73918,11756,21,380,2021-01-21 9:40:13,null,2021-01-21
7171,2021년 01월 22일 00시,합계,合计,Total,1328,346,61415,143.23,74262,11519,32,314,2021-01-22 9:37:03,null,2021-01-22
7190,2021년 01월 23일 00시,합계,合计,Total,1337,431,62044,144.06,74692,11311,28,403,2021-01-23 9:41:54,null,2021-01-23
7209,2021년 01월 24일 00시,합계,合计,Total,1349,392,62530,144.82,75084,11205,23,369,2021-01-24 9:32:43,null,2021-01-24
7228,2021년 01월 25일 00시,합계,合计,Total,1360,437,62956,145.66,75521,11205,32,405,2021-01-25 9:39:41,null,2021-01-25
7247,2021년 01월 26일 00시,합계,合计,Total,1371,354,64793,146.34,75875,9711,16,338,2021-01-26 9:43:25,null,2021-01-26
7266,2021년 01월 27일 00시,합계,合计,Total,1378,559,65478,147.41,76429,9573,43,516,2021-01-27 9:41:03,null,2021-01-27
7285,2021년 01월 28일 00시,합계,合计,Total,1386,497,66016,148.37,76926,9524,18,479,2021-01-28 9:36:20,null,2021-01-28
7304,2021년 01월 29일 00시,합계,合计,Total,1399,469,66503,149.27,77395,9493,24,445,2021-01-29 9:36:10,null,2021-01-29
7323,2021년 01월 30일 00시,합계,合计,Total,1414,458,67121,150.15,77850,9315,35,423,2021-01-30 9:31:34,null,2021-01-30
7342,2021년 01월 31일 00시,합계,合计,Total,1420,355,67878,150.84,78205,8907,30,325,2021-01-31 9:35:39,null,2021-01-31
7361,2021년 02월 01일 00시,합계,合计,Total,1425,305,68309,151.42,78508,8774,20,285,2021-02-01 10:18:12,null,2021-02-01
7380,2021년 02월 02일 00시,합계,合计,Total,1435,336,68775,152.07,78844,8634,41,295,2021-02-02 9:35:26,null,2021-02-02
7399,2021년 02월 03일 00시,합계,合计,Total,1441,467,69299,152.97,79311,8571,34,433,2021-02-03 9:35:13,null,2021-02-03
7418,2021년 02월 04일 00시,합계,合计,Total,1448,451,69704,153.84,79762,8610,22,429,2021-02-04 9:40:47,null,2021-02-04
7437,2021년 02월 05일 00시,합계,合计,Total,1459,370,70117,154.55,80131,8555,19,351,2021-02-05 9:34:03,null,2021-02-05
7456,2021년 02월 06일 00시,합계,合计,Total,1464,393,70505,155.31,80524,8555,27,366,2021-02-06 9:32:45,null,2021-02-06
7475,2021년 02월 07일 00시,합계,合计,Total,1471,372,70865,52.62,80896,8560,46,326,2021-02-07 9:41:28,null,2021-02-07
7494,2021년 02월 08일 00시,합계,合计,Total,1474,289,71218,156.58,81185,8493,25,264,2021-02-08 9:40:39,null,2021-02-08
7513,2021년 02월 09일 00시,합계,合计,Total,1482,303,71676,157.17,81487,8329,30,273,2021-02-09 9:35:25,null,2021-02-09
7532,2021년 02월 10일 00시,합계,合计,Total,1486,444,72226,158.02,81930,8218,30,414,2021-02-10 9:35:58,null,2021-02-10
7551,2021년 02월 11일 00시,합계,合计,Total,1496,504,72638,158.99,82434,8300,37,467,2021-02-11 9:34:11,null,2021-02-11
7570,2021년 02월 12일 00시,합계,合计,Total,1507,403,72936,159.77,82837,8394,19,384,2021-02-12 9:34:33,null,2021-02-12
7589,2021년 02월 13일 00시,합계,合计,Total,1514,362,73227,160,83199,8458,17,345,2021-02-13 10:13:53,null,2021-02-13
7608,2021년 02월 14일 00시,합계,合计,Total,1522,326,73559,52.62,83525,8444,22,304,2021-02-14 9:36:53,null,2021-02-14
7627,2021년 02월 15일 00시,합계,合计,Total,1527,344,73794,161.76,83869,8548,21,323,2021-02-15 9:35:55,null,2021-02-15
7646,2021년 02월 16일 00시,합계,合计,Total,1534,457,74551,162.64,84325,8240,28,429,2021-02-16 9:34:58,null,2021-02-16
7665,2021년 02월 17일 00시,합계,合计,Total,1538,621,75360,163.84,84946,8048,31,590,2021-02-17 9:38:30,null,2021-02-17
7684,2021년 02월 18일 00시,합계,合计,Total,1544,621,75896,165.04,85567,8127,31,590,2021-02-18 9:33:48,null,2021-02-18
7703,2021년 02월 19일 00시,합계,合计,Total,1550,561,76513,166.12,86128,8065,28,533,2021-02-19 9:36:10,null,2021-02-19
7722,2021년 02월 20일 00시,합계,合计,Total,1553,448,77083,166.98,86576,7940,32,416,2021-02-20 9:46:02,2021-02-20 14:49:41,2021-02-20
7741,2021년 02월 21일 00시,합계,合计,Total,1557,416,77516,52.62,86992,7919,25,391,2021-02-21 9:38:25,null,2021-02-21
7798,2021년 02월 22일 00시,합계,合计,Total,1562,332,77887,168.42,87324,7875,19,313,2021-02-22 10:27:14,null,2021-02-22
7817,2021년 02월 23일 00시,합계,合计,Total,1573,357,78394,169.11,87681,7714,27,330,2021-02-23 9:34:39,null,2021-02-23
7836,2021년 02월 24일 00시,합계,合计,Total,1576,440,79050,169.96,88120,7494,23,417,2021-02-24 9:36:29,null,2021-02-24
7855,2021년 02월 25일 00시,합계,合计,Total,1581,396,79487,170.72,88516,7448,27,369,2021-02-25 9:33:58,null,2021-02-25
7874,2021년 02월 26일 00시,합계,合计,Total,1585,406,79880,171.51,88922,7457,24,382,2021-02-26 9:33:05,null,2021-02-26
7893,2021년 02월 27일 00시,합계,合计,Total,1595,415,80333,172.28,89321,7393,10,405,2021-02-27 9:36:38,null,2021-02-27
7912,2021년 02월 28일 00시,합계,合计,Total,1603,356,80697,172.96,89676,7376,22,334,2021-02-28 10:25:27,null,2021-02-28
7931,2021년 03월 01일 00시,합계,合计,Total,1605,355,81070,52.62,90029,7354,17,338,2021-03-01 9:57:20,null,2021-03-01
7950,2021년 03월 02일 00시,합계,合计,Total,1606,344,81338,20.1,90372,7428,25,319,2021-03-02 9:36:20,null,2021-03-02
7988,2021년 03월 03일 00시,합계,合计,Total,1612,444,81700,175.16,90816,7504,18,426,2021-03-03 9:36:24,null,2021-03-03
8007,2021년 03월 04일 00시,합계,合计,Total,1619,424,82162,175.98,91240,7459,23,401,2021-03-04 9:37:33,null,2021-03-04
8026,2021년 03월 05일 00시,합계,合计,Total,1627,398,82560,176.75,91638,7451,17,381,2021-03-05 9:45:47,null,2021-03-05
8045,2021년 03월 06일 00시,합계,合计,Total,1632,418,82913,52.62,92055,7510,14,404,2021-03-06 9:44:17,null,2021-03-06
8064,2021년 03월 07일 00시,합계,合计,Total,1634,416,83220,178.35,92471,7617,17,399,2021-03-07 9:55:59,null,2021-03-07
8083,2021년 03월 08일 00시,합계,合计,Total,1642,346,83474,179.02,92817,7701,11,335,2021-03-08 9:35:40,null,2021-03-08
8121,2021년 03월 09일 00시,합계,合计,Total,1645,446,83900,179.88,93263,7718,19,427,2021-03-09 10:27:30,null,2021-03-09
8140,2021년 03월 10일 00시,합계,合计,Total,1648,470,84312,180.79,93733,7773,18,452,2021-03-10 9:52:34,null,2021-03-10
8159,2021년 03월 11일 00시,합계,合计,Total,1652,465,84675,181.68,94198,7871,21,444,2021-03-11 9:44:15,null,2021-03-11
8178,2021년 03월 12일 00시,합계,合计,Total,1662,488,85743,182.62,94686,7281,21,467,2021-03-12 9:54:30,null,2021-03-12
8197,2021년 03월 13일 00시,합계,合计,Total,1667,490,86625,52.62,95176,6884,16,474,2021-03-13 9:38:53,null,2021-03-13
8216,2021년 03월 14일 00시,합계,合计,Total,1669,459,87408,184.45,95635,6558,23,436,2021-03-14 9:45:45,null,2021-03-14
8235,2021년 03월 15일 00시,합계,合计,Total,1675,382,87754,185.19,96017,6588,12,370,2021-03-15 9:55:40,null,2021-03-15
8254,2021년 03월 16일 00시,합계,合计,Total,1678,363,88255,185.89,96380,6447,18,345,2021-03-16 9:40:11,null,2021-03-16
8273,2021년 03월 17일 00시,합계,合计,Total,1686,469,88814,186.8,96849,6349,17,452,2021-03-17 9:35:39,null,2021-03-17
8292,2021년 03월 18일 00시,합계,合计,Total,1688,445,89178,187.65,97294,6428,18,427,2021-03-18 9:45:26,null,2021-03-18
8330,2021년 03월 19일 00시,합계,合计,Total,1690,463,89523,188.55,97757,6544,22,441,2021-03-19 9:36:24,null,2021-03-19
8349,2021년 03월 20일 00시,합계,合计,Total,1693,452,89949,189.42,98209,6567,12,440,2021-03-20 9:35:07,null,2021-03-20
8387,2021년 03월 21일 00시,합계,合计,Total,1696,456,90328,190.3,98665,6641,19,437,2021-03-21 9:57:03,null,2021-03-21
8406,2021년 03월 22일 00시,합계,合计,Total,1697,415,90611,191.09,99075,6767,19,396,2021-03-22 10:07:42,null,2021-03-22
8425,2021년 03월 23일 00시,합계,合计,Total,1704,346,91079,191.76,99421,6638,15,331,2021-03-23 9:34:59,null,2021-03-23
8444,2021년 03월 24일 00시,합계,合计,Total,1707,428,91560,192.58,99846,6579,17,411,2021-03-24 9:38:06,null,2021-03-24
8463,2021년 03월 25일 00시,합계,合计,Total,1709,430,92068,193.41,100276,6499,11,419,2021-03-25 9:38:10,null,2021-03-25
8482,2021년 03월 26일 00시,합계,合计,Total,1716,494,92630,194.36,100770,6424,23,471,2021-03-26 9:41:35,null,2021-03-26
8501,2021년 03월 27일 00시,합계,合计,Total,1721,505,93475,195.33,101275,6079,15,490,2021-03-27 9:57:19,null,2021-03-27
8520,2021년 03월 28일 00시,합계,合计,Total,1722,482,93855,196.26,101757,6180,20,462,2021-03-28 11:20:26,null,2021-03-28
8539,2021년 03월 29일 00시,합계,合计,Total,1726,384,94124,197,102141,6291,14,370,2021-03-29 9:46:06,null,2021-03-29