"seq","stateDt","stateTime","decideCnt","clearCnt","examCnt","deathCnt","careCnt","resutlNegCnt","accExamCnt","accExamCompCnt","accDefRate","createDt","updateDt"
1,"20200101","18:00",,1,1,,,,,,,"2020-01-31 17:47:33.33","2020-02-03 12:21:56.56"
2,"20200202","09:00",2,2,2,2,,,,,,"2020-02-03 12:22:49.49",
3,"20200203","09:00",15,,,,,,,,,"2020-02-03 14:41:17.17","2020-02-04 14:19:46.46"
4,"20200204","00:00",,,,,,,,,,"2020-02-03 21:26:59.59",
5,"20200205","09:00",18,,129,,,,,,,"2020-02-04 23:56:31.31","2020-02-05 9:43:16.16"
6,"20200205","19:00",19,1,40,,,,,,,"2020-02-05 20:05:40.40","2020-02-06 10:05:36.36"
7,"20200206","09:00",23,1,169,,,,,,,"2020-02-06 9:09:49.49","2020-02-06 10:04:35.35"
8,"20200207","09:00",24,2,264,,,,,,,"2020-02-07 9:53:27.27","2020-02-07 11:44:30.30"
9,"20200207","16:00",24,2,327,,,,,,,"2020-02-07 17:20:45.45",
10,"20200208","09:00",24,2,620,,,,,,,"2020-02-08 10:09:34.34",
11,"20200208","16:00",24,2,939,,,,,,,"2020-02-08 16:00:22.22",
12,"20200208","16:00",24,2,939,,,,,,,"2020-02-08 16:48:05.05",
13,"20200208","16:00",24,2,939,,,,,,,"2020-02-08 17:01:12.12",
14,"20200208","16:00",24,2,939,,,,,,,"2020-02-08 17:01:34.34",
15,"20200209","09:00",25,3,960,,,,,,,"2020-02-09 9:58:22.22","2020-02-09 11:08:56.56"
16,"20200209","16:00",27,3,888,,,,,,,"2020-02-09 16:59:21.21",
17,"20200210","09:00",27,3,809,,,,,,,"2020-02-10 9:56:41.41",
18,"20200210","16:00",27,3,531,,,,,,,"2020-02-10 17:03:49.49","2020-02-10 19:04:27.27"
19,"20200211","09:00",28,4,865,,,,,,,"2020-02-11 9:50:10.10",
20,"20200211","16:00",28,4,762,,,,,,,"2020-02-11 17:09:25.25",
21,"20200212","09:00",28,4,992,,,,,,,"2020-02-12 10:05:49.49",
22,"20200212","16:00",28,7,785,,,,,,,"2020-02-12 16:56:47.47",
23,"20200213","09:00",28,7,670,,,,,,,"2020-02-13 9:50:45.45",
24,"20200213","16:00",28,7,562,,,,,,,"2020-02-13 17:09:07.07",
25,"20200214","09:00",28,7,692,,,,,,,"2020-02-14 9:50:49.49",
26,"20200214","16:00",28,7,535,,,,,,,"2020-02-14 17:16:19.19",
27,"20200215","09:00",28,7,638,,,,,,,"2020-02-15 10:00:11.11",
28,"20200215","16:00",28,9,558,,,,,,,"2020-02-15 17:00:21.21",
29,"20200216","09:00",29,9,577,,,,,,,"2020-02-16 10:04:04.04",
30,"20200216","16:00",29,9,485,,,,,,,"2020-02-16 16:57:02.02",
31,"20200217","09:00",30,9,408,,,,,,,"2020-02-17 9:53:13.13",
32,"20200217","16:00",30,10,708,,,,,,,"2020-02-17 16:50:47.47",
33,"20200218","09:00",31,10,957,,,,,,,"2020-02-18 10:04:38.38",
34,"20200218","09:00",31,10,957,,,,,,,"2020-02-18 10:05:31.31",
35,"20200218","16:00",31,12,818,,,,,,,"2020-02-18 16:42:00.00",
36,"20200219","09:00",46,12,1030,,,,,,,"2020-02-19 9:53:08.08",
37,"20200219","16:00",51,16,1149,,,,,,,"2020-02-19 17:00:13.13",
38,"20200220","09:00",82,16,1633,,,,,,,"2020-02-20 10:01:31.31",
39,"20200220","16:00",104,16,1860,1,,,,,,"2020-02-20 17:12:33.33",
40,"20200221","09:00",156,16,2707,1,,,,,,"2020-02-21 9:58:51.51",
41,"20200221","16:00",204,17,3180,1,,,,,,"2020-02-21 17:12:33.33",
42,"20200221","16:00",204,17,3180,1,,,,,,"2020-02-21 17:13:21.21",
43,"20200222","09:00",346,17,5481,2,,,,,,"2020-02-22 9:59:46.46",
44,"20200222","16:00",433,18,6037,2,,,,,,"2020-02-22 17:00:28.28",
45,"20200223","09:00",556,18,6039,4,,,,,,"2020-02-23 10:22:25.25",
46,"20200223","16:00",602,18,8057,5,,,,,,"2020-02-23 17:05:12.12",
47,"20200224","09:00",763,18,8725,7,,,,,,"2020-02-24 10:17:36.36",
48,"20200224","16:00",833,22,11631,7,,,,,,"2020-02-24 17:03:50.50",
49,"20200225","09:00",893,22,13273,8,,,,,,"2020-02-25 10:00:40.40",
50,"20200225","16:00",977,22,13880,10,,,,,,"2020-02-25 17:02:03.03",
51,"20200226","09:00",1146,22,16734,11,,,,,,"2020-02-26 10:02:05.05",
52,"20200226","16:00",1261,24,20716,12,,,,,,"2020-02-26 17:00:43.43",
53,"20200227","09:00",1595,24,21097,12,,,,,,"2020-02-27 10:19:35.35",
54,"20200227","16:00",1766,26,25568,13,,,,,,"2020-02-27 17:32:06.06",
55,"20200228","09:00",2022,26,24751,13,,,,,,"2020-02-28 10:32:34.34","2020-02-28 13:34:23.23"
56,"20200228","16:00",2337,27,30237,13,,,,,,"2020-02-28 17:01:59.59",
57,"20200229","09:00",2931,27,29154,16,,,,,,"2020-02-29 10:14:50.50",
58,"20200229","16:00",3150,28,35182,17,,,,,,"2020-02-29 17:16:20.20","2020-02-29 18:02:17.17"
59,"20200301","09:00",3526,30,32422,17,,,,,,"2020-03-01 10:06:32.32",
60,"20200301","16:00",3736,30,33360,18,,,,,,"2020-03-01 17:41:45.45",
61,"20200302","00:00",4212,31,33799,22,4159,71580,109591,75792,"5.5573147561","2020-03-02 10:52:38.38","2020-03-09 14:08:51.51"
62,"20200303","00:00",4812,34,35555,28,4750,85484,125851,90296,"5.3291397182","2020-03-03 10:46:53.53","2020-03-09 14:08:12.12"
63,"20200304","00:00",5328,41,28414,32,5255,102965,136707,108293,"4.9199855946","2020-03-04 10:21:44.44","2020-03-09 14:06:59.59"
64,"20200305","00:00",5766,88,21810,35,5643,118965,146541,124731,"4.6227481540","2020-03-05 10:15:12.12","2020-03-09 14:06:01.01"
65,"20200306","00:00",6284,108,21832,42,6134,136624,164740,142908,"4.3972345844","2020-03-06 12:55:44.44","2020-03-09 14:05:01.01"
66,"20200307","00:00",6767,118,19620,44,6605,151802,178189,158569,"4.2675428362","2020-03-07 11:00:45.45","2020-03-09 13:36:26.26"
67,"20200308","00:00",7134,130,19376,50,6954,162008,188518,169142,"4.2177578602","2020-03-08 11:16:27.27","2020-03-09 13:35:51.51"
68,"20200309","00:00",7382,166,17458,51,7165,171778,196618,179160,"4.1203393614","2020-03-09 10:47:15.15","2020-03-09 13:29:59.59"
69,"20200310","00:00",7513,247,18452,54,7212,184179,210144,191692,"3.9193080566","2020-03-10 10:20:27.27",
70,"20200311","00:00",7755,288,18540,60,7407,196100,222395,203855,"3.8041745358","2020-03-11 10:17:19.19",
71,"20200312","00:00",7869,333,17727,66,7470,209402,234998,217271,"3.6217442732","2020-03-12 10:37:03.03",
72,"20200313","00:00",7979,510,17940,67,7402,222728,248647,230707,"3.4584993086","2020-03-13 10:07:22.22",
73,"20200314","00:00",8086,714,17634,72,7300,235615,261335,243701,"3.3180003364","2020-03-14 10:29:11.11","2020-03-14 10:34:07.07"
74,"20200315","00:00",8162,834,16272,75,7253,243778,268212,251940,"3.2396602365","2020-03-15 10:01:22.22",
75,"20200316","00:00",8236,1137,14971,75,7024,251297,274504,259533,"3.1733922083","2020-03-16 10:12:33.33",
76,"20200317","00:00",8320,1401,17291,81,6838,261105,286716,269425,"3.0880579010","2020-03-17 10:29:38.38",
77,"20200318","00:00",8413,1540,16346,84,6789,270888,295647,279301,"3.0121625056","2020-03-18 10:26:15.15",
78,"20200319","00:00",8565,1947,15904,91,6527,282555,307024,291120,"2.9420857378","2020-03-19 10:07:57.57",
79,"20200320","00:00",8652,2233,15525,94,6325,292487,316664,301139,"2.8730918280","2020-03-20 10:15:59.59",
80,"20200321","00:00",8799,2612,15704,102,6085,303006,327509,311805,"2.8219560302","2020-03-21 10:02:58.58",
81,"20200322","00:00",8897,2909,14540,104,5884,308343,331780,317240,"2.8045013239","2020-03-22 10:07:28.28",
82,"20200323","00:00",8961,3166,13628,111,5684,315447,338036,324408,"2.7622623363","2020-03-23 10:27:32.32",
83,"20200324","00:00",9037,3507,15440,120,5410,324105,348582,333142,"2.7126570651","2020-03-24 10:09:30.30",
84,"20200324","00:00",9037,3507,15440,120,5410,324105,348582,333142,"2.7126570651","2020-03-24 10:20:57.57","2020-04-07 19:37:58.58"
85,"20200325","00:00",9137,3730,14278,126,5281,334481,357896,343618,"2.6590574416","2020-03-25 10:12:04.04",
86,"20200326","00:00",9241,4144,14369,131,4966,341332,364942,350573,"2.6359702544","2020-03-26 10:40:50.50",
87,"20200327","00:00",9332,4528,15219,139,4665,352410,376961,361742,"2.5797391511","2020-03-27 10:17:01.01",
88,"20200328","00:00",9478,4811,16564,144,4523,361883,387925,371361,"2.5522335409","2020-03-28 10:30:06.06",
89,"20200329","00:00",9583,5033,15028,152,4398,369530,394141,379113,"2.5277423881","2020-03-29 10:10:20.20",
90,"20200330","00:00",9661,5228,13531,158,4275,372002,395194,381663,"2.5312906936","2020-03-30 10:32:34.34",
91,"20200331","00:00",9786,5408,16892,162,4216,383886,410564,393672,"2.4858257635","2020-03-31 11:00:44.44","2020-03-31 11:43:15.15"
92,"20200401","00:00",9887,5567,16585,165,4155,395075,421547,404962,"2.4414636435","2020-04-01 10:13:22.22",
93,"20200402","00:00",9976,5828,17885,169,3979,403882,431743,413858,"2.4104886217","2020-04-02 10:09:03.03",
94,"20200402","00:00",9976,5828,17885,169,3979,403882,431743,413858,"2.4104886217","2020-04-02 10:13:00.00",
95,"20200403","00:00",10062,6021,18908,174,3867,414303,443273,424365,"2.3710720723","2020-04-03 10:19:21.21",
96,"20200404","00:00",10156,6325,20144,177,3654,424732,455032,434888,"2.3353139199","2020-04-04 10:32:51.51",
97,"20200405","00:00",10237,6463,19571,183,3591,431425,461233,441662,"2.3178358110","2020-04-05 10:11:59.59",
98,"20200406","00:00",10284,6598,19295,186,3500,437225,466804,447509,"2.2980543408","2020-04-06 10:27:44.44",
99,"20200407","00:00",10331,6694,20650,192,3445,446323,477304,456654,"2.2623255243","2020-04-07 10:12:25.25",
100,"20200408","00:00",10384,6776,17858,200,3408,457761,486003,468145,"2.2181161819","2020-04-08 10:15:42.42",
101,"20200409","00:00",10423,6973,15509,204,3246,468779,494711,479202,"2.1750743945","2020-04-09 10:22:27.27",
102,"20200410","00:00",10450,7117,15298,208,3125,477303,503051,487753,"2.1424778525","2020-04-10 10:15:54.54",
103,"20200411","00:00",10480,7243,14070,211,3026,485929,510479,496409,"2.1111623681","2020-04-11 10:24:11.11",
104,"20200412","00:00",10512,7368,13788,214,2930,490321,514621,500833,"2.0989032272","2020-04-12 10:20:49.49",
105,"20200413","00:00",10537,7447,13391,217,2873,494815,518743,505352,"2.0850812898","2020-04-13 10:14:53.53",
106,"20200414","00:00",10564,7534,14651,222,2808,502223,527438,512787,"2.0601146284","2020-04-14 10:23:15.15",
107,"20200415","00:00",10591,7616,15026,225,2750,508935,534552,519526,"2.0385890215","2020-04-15 11:34:34.34",
108,"20200416","00:00",10613,7757,14268,229,2627,513894,538775,524507,"2.0234239009","2020-04-16 10:55:17.17",
109,"20200417","00:00",10635,7829,14186,230,2576,521642,546463,532277,"1.9980198280","2020-04-17 10:32:02.02",
110,"20200418","00:00",10653,7937,13550,232,2484,530631,554834,541284,"1.9680980779","2020-04-18 10:44:12.12",
111,"20200419","00:00",10661,8042,12243,234,2385,536205,559109,546866,"1.9494720827","2020-04-19 10:27:30.30",
112,"20200420","00:00",10674,8114,11981,236,2324,540380,563035,551054,"1.9370152471","2020-04-20 10:26:59.59",
113,"20200421","00:00",10683,8213,12721,237,2233,547610,571014,558293,"1.9135113641","2020-04-21 10:11:58.58",
114,"20200422","00:00",10694,8277,12121,238,2179,555144,577959,565838,"1.8899402302","2020-04-22 10:20:28.28",
115,"20200423","00:00",10702,8411,10139,240,2051,563130,583971,573832,"1.8650057856","2020-04-23 10:11:05.05",
116,"20200424","00:00",10708,8501,9600,240,1967,569212,589520,579920,"1.8464615809","2020-04-24 10:11:08.08",
117,"20200425","00:00",12801,10718,9259,240,1843,575184,597244,587985,"2.1770963544","2020-04-25 10:39:03.03",
118,"20200425","00:00",10718,8635,9259,240,1843,575184,595161,585902,"1.8293161655","2020-04-25 10:57:05.05",
119,"20200425","00:00",10718,8635,9259,240,1843,575184,595161,585902,"1.8293161655","2020-04-25 10:58:08.08",
120,"20200426","00:00",10728,8717,8999,242,1769,578558,598285,589286,"1.8205082082","2020-04-26 10:12:24.24",
121,"20200427","00:00",10738,8764,8895,243,1731,582027,601660,592765,"1.8115104636","2020-04-27 10:12:27.27",
122,"20200428","00:00",10752,8854,9203,244,1654,588559,608514,599311,"1.7940601791","2020-04-28 10:22:15.984","null"
123,"20200429","00:00",10761,8922,8307,246,1593,595129,614197,605890,"1.7760649622","2020-04-29 10:26:00.327","null"
124,"20200430","00:00",10765,9059,8634,247,1459,600482,619881,611247,"1.7611538379","2020-04-30 10:12:41.865","null"
125,"20200501","00:00",10774,9072,8685,248,1454,603610,623069,614384,"1.7536263965","2020-05-01 10:24:37.982","null"
126,"20200502","00:00",10780,9123,8496,250,1407,608286,627562,619066,"1.7413329111","2020-05-02 10:22:19.467","null"
127,"20200503","00:00",10793,9183,8588,250,1360,611592,630973,622385,"1.7341356234","2020-05-03 10:54:37.387","null"
128,"20200504","00:00",10801,9217,8176,252,1332,614944,633921,625745,"1.7261024858","2020-05-04 10:11:32.113","null"
129,"20200505","00:00",10804,9283,8858,254,1267,620575,640237,631379,"1.7111750628","2020-05-05 10:20:41.144","null"
130,"20200506","00:00",10806,9333,8009,255,1218,624280,643095,635086,"1.7015018438","2020-05-06 10:16:11.219","null"
131,"20200507","00:00",10810,9419,8429,256,1135,630149,649388,640959,"1.6865353322","2020-05-07 10:43:55.587","null"
132,"20200508","00:00",10822,9484,8867,256,1082,635174,654863,645996,"1.6752425711","2020-05-08 10:18:50.37","null"
133,"20200509","00:00",10840,9568,9153,256,1016,640037,660030,650877,"1.6654452377","2020-05-09 10:17:14.743","null"
134,"20200510","00:00",10874,9610,10128,256,1008,642884,663886,653758,"1.6633066058","2020-05-10 10:14:56.134","null"
135,"20200511","00:00",10909,9632,10922,256,1021,646661,668492,657570,"1.6589868759","2020-05-11 10:25:58.1","null"
136,"20200512","00:00",10936,9670,16330,258,1008,653624,680890,664560,"1.6456000963","2020-05-12 10:12:13.807","null"
137,"20200513","00:00",10962,9695,19579,259,1008,665379,695920,676341,"1.6207800503","2020-05-13 10:41:14.635","null"
138,"20200514","00:00",10991,9762,20722,260,969,679771,711484,690762,"1.5911413772","2020-05-14 10:18:24.652","null"
139,"20200515","00:00",11018,9821,19875,260,937,695854,726747,706872,"1.5586980386","2020-05-15 10:33:33.767","null"
140,"20200516","00:00",11037,9851,18343,262,924,711265,740645,722302,"1.5280312113","2020-05-16 10:19:43.567","2020-05-16 10:40:31.389"
141,"20200517","00:00",11050,9888,17660,262,900,718943,747653,729993,"1.5137131451","2020-05-17 10:12:11.289","null"
142,"20200518","00:00",11065,9904,16093,263,898,726053,753211,737118,"1.5011165105","2020-05-18 10:18:09.187","null"
143,"20200519","00:00",11078,9938,16925,263,877,737571,765574,748649,"1.4797321575","2020-05-19 10:22:38.488","null"
144,"20200520","00:00",11110,10066,16351,263,781,748972,776433,760082,"1.4616843972","2020-05-20 10:13:17.176","null"
145,"20200521","00:00",11122,10135,18089,264,723,759473,788684,770595,"1.4433003069","2020-05-21 10:24:06.599","null"
146,"20200522","00:00",11142,10162,20286,264,716,770990,802418,782132,"1.4245677200","2020-05-22 10:15:38.071","null"
147,"20200523","00:00",11165,10194,21569,266,705,781686,814420,792851,"1.4082091086","2020-05-23 10:34:53.857","null"
148,"20200524","00:00",11190,10213,20333,266,711,788766,820289,799956,"1.3988269354","2020-05-24 10:29:09.658","null"
149,"20200525","00:00",11206,10226,19089,267,713,796142,826437,807348,"1.3880012088","2020-05-25 10:27:08.014","null"
150,"20200526","00:00",11225,10275,22044,269,681,806206,839475,817431,"1.3732045885","2020-05-26 10:12:48.677","null"
151,"20200527","00:00",11265,10295,21061,269,701,820550,852876,831815,"1.3542674753","2020-05-27 10:16:33.139","null"
152,"20200528","00:00",11344,10340,22370,269,735,834952,868666,846296,"1.3404293533","2020-05-28 10:11:27.895","null"
153,"20200529","00:00",11402,10363,24557,269,770,849161,885120,860563,"1.3249465756","2020-05-29 10:10:53.131","null"
154,"20200530","00:00",11441,10398,26298,269,774,865162,902901,876603,"1.3051518190","2020-05-30 10:12:26.752","null"
155,"20200531","00:00",11468,10405,23294,270,793,876060,910822,887528,"1.2921282483","2020-05-31 10:22:37.861","null"
156,"20200601","00:00",11503,10422,24058,271,810,885830,921391,897333,"1.2819098372","2020-06-01 10:13:09.747","null"
157,"20200602","00:00",11541,10446,28922,272,823,899388,939851,910929,"1.2669483571","2020-06-02 10:15:46.159","null"
158,"20200603","00:00",11590,10467,27865,273,850,917397,956852,928987,"1.2475954991","2020-06-03 10:25:46.26","null"
159,"20200604","00:00",11629,10499,28199,273,857,934030,973858,945659,"1.2297244567","2020-06-04 10:27:45.93","null"
160,"20200605","00:00",11668,10506,28766,273,889,950526,990960,962194,"1.2126452669","2020-06-05 10:56:50.891","null"
161,"20200606","00:00",11719,10531,27954,273,915,965632,1005305,977351,"1.1990574522","2020-06-06 10:49:23.14","null"
162,"20200607","00:00",11776,10552,26481,273,951,974512,1012769,986288,"1.1939717405","2020-06-07 10:20:08.998","null"
163,"20200608","00:00",11814,10563,24374,273,978,982026,1018214,993840,"1.1887225307","2020-06-08 10:14:00.756","null"
164,"20200609","00:00",11852,10589,27459,274,989,996686,1035997,1008538,"1.1751664290","2020-06-09 10:08:46.492","null"
165,"20200610","00:00",11902,10611,26223,276,1015,1013847,1051972,1025749,"1.1603228470","2020-06-10 10:13:47.554","null"
166,"20200611","00:00",11947,10654,25494,276,1017,1029447,1066888,1041394,"1.1472122942","2020-06-11 10:30:28.32","null"
167,"20200612","00:00",12003,10669,24244,277,1057,1045240,1081487,1057243,"1.1353113711","2020-06-12 10:22:23.274","null"
168,"20200613","00:00",12051,10691,23352,277,1083,1059301,1094704,1071352,"1.1248403885","2020-06-13 10:11:42.777","null"
169,"20200614","00:00",12085,10718,21356,277,1090,1066887,1100328,1078972,"1.1200476008","2020-06-14 10:19:17.655","null"
170,"20200615","00:00",12121,10730,20793,277,1114,1072805,1105719,1084926,"1.1172190545","2020-06-15 10:16:22.312","null"
171,"20200616","00:00",12155,10760,22632,278,1117,1084980,1119767,1097135,"1.1078855382","2020-06-16 10:16:46.75","null"
172,"20200617","00:00",12198,10774,21489,279,1145,1099136,1132823,1111334,"1.0975998214","2020-06-17 10:14:34.423","null"
173,"20200618","00:00",12257,10800,21714,280,1177,1111741,1145712,1123998,"1.0904823674","2020-06-18 10:12:45.408","null"
174,"20200619","00:00",12306,10835,21190,280,1191,1124567,1158063,1136873,"1.0824428058","2020-06-19 10:32:23.743","null"
175,"20200620","00:00",12373,10856,21470,280,1237,1137058,1170901,1149431,"1.0764456500","2020-06-20 10:14:21.623","null"
176,"20200621","00:00",12421,10868,20071,280,1273,1143971,1176463,1156392,"1.0741167355","2020-06-21 10:10:23.157","null"
177,"20200622","00:00",12438,10881,19403,280,1277,1150225,1182066,1162663,"1.0697854838","2020-06-22 11:40:10.577","null"
178,"20200623","00:00",12484,10908,22278,281,1295,1161250,1196012,1173734,"1.0636140726","2020-06-23 10:41:13.976","null"
179,"20200624","00:00",12535,10930,20245,281,1324,1175817,1208597,1188352,"1.0548221402","2020-06-24 10:31:42.772","null"
180,"20200625","00:00",12563,10974,18900,282,1307,1189015,1220478,1201578,"1.0455417792","2020-06-25 10:19:08.891","null"
181,"20200626","00:00",12602,11172,18828,282,1148,1200885,1232315,1213487,"1.0384948499","2020-06-26 10:13:35.473","null"
182,"20200627","00:00",12653,11317,19866,282,1054,1211261,1243780,1223914,"1.0338144673","2020-06-27 10:47:04.557","null"
183,"20200628","00:00",12715,11364,19005,282,1069,1219975,1251695,1232690,"1.0314839902","2020-06-28 10:29:27.331","null"
184,"20200629","00:00",12757,11429,18499,282,1046,1228698,1259954,1241455,"1.0275845681","2020-06-29 10:29:35.516","2020-06-29 11:00:25.815"
185,"20200630","00:00",12800,11537,20809,282,981,1240157,1273766,1252957,"1.0215833424","2020-06-30 11:19:14.228","null"
186,"20200701","00:00",12850,11613,19526,282,955,1252855,1285231,1265705,"1.0152444684","2020-07-01 10:35:05.507","null"
187,"20200702","00:00",12904,11684,19782,282,938,1263276,1295962,1276180,"1.0111426287","2020-07-02 10:27:02.501","null"
188,"20200703","00:00",12967,11759,21560,282,926,1273234,1307761,1286201,"1.0081627988","2020-07-03 10:19:07.857","null"
189,"20200704","00:00",13030,11811,22321,283,936,1284172,1319523,1297202,"1.0044696199","2020-07-04 10:13:42.477","null"
190,"20200705","00:00",13091,11832,21649,283,976,1291315,1326055,1304406,"1.0035985728","2020-07-05 10:25:25.534","null"
191,"20200706","00:00",13137,11848,21292,284,1005,1297367,1331796,1310504,"1.0024387563","2020-07-06 10:42:19.893","null"
192,"20200707","00:00",13181,11914,23675,285,982,1309338,1346194,1322519,"0.9966586491","2020-07-07 10:15:15.306","null"
193,"20200708","00:00",13244,11970,24012,285,989,1322479,1359735,1335723,"0.9915229430","2020-07-08 10:19:47.422","null"
194,"20200709","00:00",13293,12019,23912,287,987,1334566,1371771,1347859,"0.9862307555","2020-07-09 10:50:30.028","null"
195,"20200710","00:00",13338,12065,23527,288,985,1348025,1384890,1361363,"0.9797533795","2020-07-10 10:16:34.916","null"
196,"20200711","00:00",13373,12144,22950,288,941,1360618,1396941,1373991,"0.9732960405","2020-07-11 10:24:19.527","null"
197,"20200712","00:00",13417,12178,21830,289,950,1366897,1402144,1380314,"0.9720252058","2020-07-12 10:21:53.323","null"
198,"20200713","00:00",13479,12204,21845,289,986,1372988,1408312,1386467,"0.9721832542","2020-07-13 10:20:51.913","null"
199,"20200714","00:00",13512,12282,24289,289,941,1382815,1420616,1396327,"0.9676816390","2020-07-14 10:42:51.773","null"
200,"20200715","00:00",13551,12348,23297,289,914,1394468,1431316,1408019,"0.9624159901","2020-07-15 10:38:15.025","null"
201,"20200716","00:00",13612,12396,23404,291,925,1404332,1441348,1417944,"0.9599814943","2020-07-16 10:44:37.828","null"
202,"20200717","00:00",13672,12460,23110,293,919,1414235,1451017,1427907,"0.9574853264","2020-07-17 10:40:48.691","null"
203,"20200718","00:00",13711,12519,22923,294,898,1423570,1460204,1437281,"0.9539540284","2020-07-18 10:13:20.679","null"
204,"20200719","00:00",13745,12556,21953,295,894,1429601,1465299,1443346,"0.9523011114","2020-07-19 10:19:04.08","null"
205,"20200720","00:00",13771,12572,21302,296,903,1435120,1470193,1448891,"0.9504510691","2020-07-20 10:55:19.896","null"
206,"20200721","00:00",13816,12643,23864,296,877,1444710,1482390,1458526,"0.9472577108","2020-07-21 11:07:32.302","null"
207,"20200722","00:00",13879,12698,21751,297,884,1456441,1492071,1470320,"0.9439441754","2020-07-22 10:27:17.21","null"
208,"20200723","00:00",13938,12758,21418,297,883,1465498,1500854,1479436,"0.9421157792","2020-07-23 10:38:02.297","null"
209,"20200724","00:00",13979,12817,20559,298,864,1475789,1510327,1489768,"0.9383340224","2020-07-24 11:05:47.968","null"
210,"20200725","00:00",14092,12866,19681,298,928,1484861,1518634,1498953,"0.9401228724","2020-07-25 10:19:50.222","null"
211,"20200726","00:00",14150,12890,19214,298,962,1489562,1522926,1503712,"0.9410046604","2020-07-26 10:28:23.583","null"
212,"20200727","00:00",14175,12905,18770,299,971,1494029,1526974,1508204,"0.9398595945","2020-07-27 10:35:55.409","null"
213,"20200728","00:00",14203,13007,20444,300,896,1503057,1537704,1517260,"0.9360953297","2020-07-28 10:31:12.133","null"
214,"20200729","00:00",14251,13069,19326,300,882,1513730,1547307,1527981,"0.9326686653","2020-07-29 10:44:55.248","null"
215,"20200730","00:00",14269,13132,19018,300,837,1522928,1556215,1537197,"0.9282479734","2020-07-30 11:11:23.001","2020-07-30 11:14:10.775"
216,"20200731","00:00",14305,13183,18330,301,821,1531161,1563796,1545466,"0.9256107866","2020-07-31 10:36:44.935","null"
217,"20200801","00:00",14336,13233,18278,301,802,1539216,1571830,1553552,"0.9227885516","2020-08-01 10:20:04.002","null"
218,"20200802","00:00",14366,13259,17768,301,806,1544112,1576246,1558478,"0.9217967786","2020-08-02 12:17:01.037","null"
219,"20200803","00:00",14389,13280,17401,301,808,1547967,1579757,1562356,"0.9209808775","2020-08-03 10:22:38.424","null"
220,"20200804","00:00",14423,13352,18724,301,770,1556633,1589780,1571056,"0.9180449328","2020-08-04 10:49:58.56","null"
221,"20200805","00:00",14456,13406,18490,302,748,1565241,1598187,1579697,"0.9151122018","2020-08-05 10:20:58.194","null"
222,"20200806","00:00",14499,13501,18031,302,696,1573957,1606487,1588456,"0.9127731583","2020-08-06 10:22:46.898","null"
223,"20200807","00:00",14519,13543,17068,303,673,1582065,1613652,1596584,"0.9093790242","2020-08-07 10:11:42.66","null"
224,"20200808","00:00",14562,13629,16105,304,629,1589847,1620514,1604409,"0.9076239288","2020-08-08 10:18:57.161","null"
225,"20200809","00:00",14598,13642,16803,305,651,1593249,1624650,1607847,"0.9079222090","2020-08-09 10:42:31.546","null"
226,"20200810","00:00",14626,13658,16396,305,663,1597281,1628303,1611907,"0.9073724476","2020-08-10 10:37:49.213","null"
227,"20200811","00:00",14660,13729,17489,305,626,1605695,1637844,1620355,"0.9047400106","2020-08-11 10:28:36.961","null"
228,"20200812","00:00",14714,13786,17375,305,623,1614563,1646652,1629277,"0.9030999639","2020-08-12 10:41:22.169","null"
229,"20200813","00:00",14770,13817,17798,305,648,1622330,1654898,1637100,"0.9022051188","2020-08-13 10:26:12.732","null"
230,"20200814","00:00",14873,13863,20132,305,705,1630079,1665084,1644952,"0.9041601213","2020-08-14 10:25:20.167","null"
231,"20200815","00:00",15039,13901,21618,305,833,1638639,1675296,1653678,"0.9094273492","2020-08-15 09:04:10.134","null"
232,"20200816","00:00",15318,13910,22005,305,1103,1644464,1681787,1659782,"0.9228922834","2020-08-16 10:33:30.845","null"
233,"20200817","00:00",15515,13917,22964,305,1293,1649991,1688470,1665506,"0.9315487305","2020-08-18 09:12:22.918","null"
234,"20200818","00:00",15761,13934,25219,306,1521,1656062,1697042,1671823,"0.9427433406","2020-08-18 10:13:01.496","null"
235,"20200819","00:00",16058,14006,31022,306,1746,1667984,1715064,1684042,"0.9535391635","2020-08-19 10:12:19.406","null"
236,"20200820","00:00",16346,14063,34998,307,1976,1682739,1734083,1699085,"0.9620472195","2020-08-20 10:13:52.572","null"
237,"20200821","00:00",16670,14120,38045,309,2241,1699408,1754123,1716078,"0.9714010668","2020-08-21 10:21:09.752","null"
238,"20200822","00:00",17002,14169,42427,309,2524,1716371,1775800,1733373,"0.9808621687","2020-08-22 10:15:55.539","null"
239,"20200823","00:00",17399,14200,47564,309,2890,1726223,1791186,1743622,"0.9978653630","2020-08-23 10:21:59.464","null"
240,"20200824","00:00",17665,14219,47995,309,3137,1738762,1804422,1756427,"1.0057349380","2020-08-24 10:17:43.752","null"
241,"20200825","00:00",17945,14286,50362,310,3349,1757530,1825837,1775475,"1.0107154423","2020-08-25 10:23:00.215","null"
242,"20200826","00:00",18265,14368,52795,312,3585,1778446,1849506,1796711,"1.0165797393","2020-08-26 10:20:54.096","null"
243,"20200827","00:00",18706,14461,52041,313,3932,1798832,1869579,1817538,"1.0291944377","2020-08-27 10:15:47.305","null"
244,"20200828","00:00",19077,14551,50711,316,4210,1817929,1887717,1837006,"1.0384832711","2020-08-28 09:39:46.063","null"
245,"20200829","00:00",19400,14765,54046,321,4314,1835883,1909329,1855283,"1.0456625754","2020-08-29 09:56:02.115","null"
246,"20200830","00:00",19699,14903,58021,323,4473,1846450,1924170,1866149,"1.0555963109","2020-08-30 09:37:35.21","null"
247,"20200831","00:00",19947,14973,57876,324,4650,1859866,1937689,1879813,"1.0611161854","2020-08-31 09:32:30.212","null"
248,"20200901","00:00",20182,15198,56743,324,4660,1882155,1959080,1902337,"1.0609056124","2020-09-01 09:32:28.222","null"
249,"20200902","00:00",20449,15356,56748,326,4767,1903098,1980295,1923547,"1.0630881387","2020-09-02 10:20:17.634","null"
250,"20200903","00:00",20644,15529,55524,329,4786,1924384,2000552,1945028,"1.0613728954","2020-09-03 09:37:35.778","null"
251,"20200904","00:00",20842,15783,52266,331,4728,1945798,2018906,1966640,"1.0597770817","2020-09-04 09:46:40.727","null"
252,"20200905","00:00",21010,16009,52077,333,4668,1963958,2037045,1984968,"1.0584553504","2020-09-05 09:34:11.934","null"
253,"20200906","00:00",21177,16146,49621,334,4697,1975137,2045935,1996314,"1.0608050637","2020-09-06 09:48:30.763","null"
254,"20200907","00:00",21296,16297,47109,336,4663,1982892,2051297,2004188,"1.0625749680","2020-09-07 09:34:31.98","null"
255,"20200908","00:00",21432,16636,43370,341,4455,2001276,2066078,2022708,"1.0595696462","2020-09-08 09:34:17.322","null"
256,"20200909","00:00",21588,17023,36533,344,4221,2024113,2082234,2045701,"1.0552861830","2020-09-09 10:04:44.84","null"
257,"20200910","00:00",21743,17360,33018,346,4037,2044830,2099591,2066573,"1.0521283303","2020-09-10 09:43:44.767","null"
258,"20200911","00:00",21919,17616,29423,350,3953,2067869,2119211,2089788,"1.0488623726","2020-09-11 09:34:22.301","null"
259,"20200912","00:00",22055,18029,27826,355,3671,2085576,2135457,2107631,"1.0464355477","2020-09-12 10:03:19.762","null"
260,"20200913","00:00",22176,18226,27705,358,3592,2093389,2143270,2115565,"1.0482306145","2020-09-13 11:05:38.708","null"
261,"20200914","00:00",22285,18489,27476,363,3433,2101241,2151002,2123526,"1.0494338190","2020-09-14 09:54:39.941","null"
262,"20200915","00:00",22391,18878,27310,367,3146,2114877,2164578,2137268,"1.0476458731","2020-09-15 09:48:41.78","null"
263,"20200916","00:00",22504,19310,25842,367,2827,2130486,2178832,2152990,"1.0452440559","2020-09-16 09:37:10.616","null"
264,"20200917","00:00",22657,19543,25508,372,2742,2143727,2191892,2166384,"1.0458441347","2020-09-17 10:09:16.903","null"
265,"20200918","00:00",22783,19771,25403,377,2635,2158179,2206365,2180962,"1.0446307638","2020-09-18 09:58:09.847","null"
266,"20200919","00:00",22893,19970,24705,378,2545,2171564,2219162,2194457,"1.0432193476","2020-09-19 10:09:15.94","null"
267,"20200920","00:00",22975,20158,24274,383,2434,2179452,2226701,2202427,"1.0431673785","2020-09-20 09:52:54.024","null"
268,"20200921","00:00",23045,20248,22536,385,2412,2186008,2231589,2209053,"1.0432072023","2020-09-21 10:01:42.98","null"
269,"20200922","00:00",23106,20441,23222,388,2277,2198784,2245112,2221890,"1.0399254688","2020-09-22 10:08:48.145","null"
270,"20200923","00:00",23216,20650,20527,388,2178,2213156,2256899,2236372,"1.0381099387","2020-09-23 10:10:59.643","null"
271,"20200924","00:00",23341,20832,20782,393,2116,2224876,2268999,2248217,"1.0382004939","2020-09-24 10:06:21.95","null"
272,"20200925","00:00",23455,20978,19575,395,2082,2237246,2280276,2260701,"1.0375100466","2020-09-25 09:56:13.802","null"
273,"20200926","00:00",23516,21166,18508,399,1951,2248321,2290345,2271837,"1.0351094730","2020-09-26 10:01:53.253","null"
274,"20200927","00:00",23611,21248,18878,401,1962,2254028,2296517,2277639,"1.0366436472","2020-09-27 10:12:36.066","null"
275,"20200928","00:00",23661,21292,18587,406,1963,2259055,2301303,2282716,"1.0365284161","2020-09-28 10:25:15.422","null"
276,"20200929","00:00",23699,21470,20056,407,1822,2269289,2313044,2292988,"1.0335422601","2020-09-29 09:40:16.798","null"
277,"20200930","00:00",23812,21590,20596,413,1809,2278591,2322999,2302403,"1.0342238087","2020-09-30 09:32:00.223","null"
278,"20201001","00:00",23889,21666,20029,415,1808,2284517,2328435,2308406,"1.0348699492","2020-10-01 09:38:23.382","null"
279,"20201002","00:00",23952,21733,19995,416,1803,2289830,2333777,2313782,"1.0351882761","2020-10-02 09:51:40.639","null"
280,"20201003","00:00",24027,21787,21287,420,1820,2294545,2339859,2318572,"1.0362844026","2020-10-03 09:49:45.749","null"
281,"20201004","00:00",24091,21845,22116,421,1825,2300138,2346345,2324229,"1.0365157650","2020-10-04 09:35:29.507","null"
282,"20201005","00:00",24164,21886,22447,422,1856,2305767,2352378,2329931,"1.0371122578","2020-10-05 09:32:34.385","null"
283,"20201006","00:00",24239,22083,22737,422,1734,2318457,2365433,2342696,"1.0346626280","2020-10-06 09:39:50.695","null"
284,"20201007","00:00",24353,22334,22138,425,1594,2331582,2378073,2355935,"1.0336872621","2020-10-07 09:42:43.617","null"
285,"20201008","00:00",24422,22463,20978,427,1532,2343444,2388844,2367866,"1.0313928237","2020-10-08 10:01:47.648","null"
286,"20201009","00:00",24476,22569,20699,428,1479,2355058,2400233,2379534,"1.0286047604","2020-10-09 09:37:05.199","null"
287,"20201010","00:00",24548,22624,18982,430,1494,2361154,2404684,2385702,"1.0289633826","2020-10-10 09:39:43.14","null"
288,"20201011","00:00",24606,22693,19303,432,1481,2366574,2410483,2391180,"1.0290316914","2020-10-11 09:32:37.429","null"
289,"20201012","00:00",24703,22729,19192,433,1541,2371715,2415610,2396418,"1.0308301807","2020-10-12 09:41:37.542","null"
290,"20201013","00:00",24805,22863,20124,434,1508,2383842,2428771,2408647,"1.0298312704","2020-10-13 09:40:11.124","null"
291,"20201014","00:00",24889,23030,18396,438,1421,2398169,2441454,2423058,"1.0271731010","2020-10-14 09:35:05.055","null"
292,"20201015","00:00",24988,23082,18262,439,1467,2407489,2450739,2432477,"1.0272656226","2020-10-15 09:39:50.753","null"
293,"20201016","00:00",25035,23180,17355,441,1414,2417036,2459426,2442071,"1.0251544693","2020-10-16 09:34:40.212","null"
294,"20201017","00:00",25108,23258,17318,443,1407,2426101,2468527,2451209,"1.0243108604","2020-10-17 09:49:12.315","null"
295,"20201018","00:00",25199,23312,17781,444,1443,2431549,2474529,2456748,"1.0257055261","2020-10-18 09:33:55.901","null"
296,"20201019","00:00",25275,23368,16763,444,1463,2437188,2479226,2462463,"1.0264113613","2020-10-19 09:42:35.552","null"
297,"20201020","00:00",25333,23466,19379,447,1420,2446599,2491311,2471932,"1.0248259256","2020-10-20 09:32:53.426","null"
298,"20201021","00:00",25424,23584,19493,450,1390,2458574,2503491,2483998,"1.0235112910","2020-10-21 09:34:27.414","null"
299,"20201022","00:00",25543,23647,19813,453,1443,2469969,2515325,2495512,"1.0235574904","2020-10-22 09:41:20.743","null"
300,"20201023","00:00",25698,23717,20430,455,1526,2482493,2528621,2508191,"1.0245631213","2020-10-23 09:37:38.199","null"
301,"20201024","00:00",25775,23834,21888,457,1484,2493016,2540679,2518791,"1.0233084047","2020-10-24 10:28:45.505","null"
302,"20201025","00:00",25836,23869,21682,457,1510,2498628,2546146,2524464,"1.0234251706","2020-10-25 09:35:31.92","null"
303,"20201026","00:00",25955,23905,20763,457,1593,2505546,2552264,2531501,"1.0252810486","2020-10-26 09:38:40.8","null"
304,"20201027","00:00",26043,23981,23003,460,1602,2518541,2567587,2544584,"1.0234678831","2020-10-27 09:38:15.449","null"
305,"20201028","00:00",26146,24073,22904,461,1612,2533910,2582960,2560056,"1.0213057839","2020-10-28 09:35:22.911","null"
306,"20201029","00:00",26271,24168,26148,462,1641,2545559,2597978,2571830,"1.0214905339","2020-10-29 09:37:57.183","null"
307,"20201030","00:00",26385,24227,26373,463,1695,2559473,2612231,2585858,"1.0203576530","2020-10-30 09:31:55.454","null"
308,"20201031","00:00",26511,24311,25678,464,1736,2572303,2624492,2598814,"1.0201191774","2020-10-31 09:35:22.796","null"
309,"20201101","00:00",26635,24357,24838,466,1812,2579157,2630630,2605792,"1.0221460500","2020-11-01 09:41:40.025","null"
310,"20201102","00:00",26732,24395,25524,468,1869,2584394,2636650,2611126,"1.0237728857","2020-11-02 09:35:09.923","null"
311,"20201103","00:00",26807,24510,25815,472,1825,2597237,2649859,2624044,"1.0215911013","2020-11-03 09:30:37.135","null"
312,"20201104","00:00",26925,24616,24255,474,1835,2611080,2662260,2638005,"1.0206576560","2020-11-04 09:37:25.13","null"
313,"20201105","00:00",27050,24735,25062,475,1840,2621594,2673706,2648644,"1.0212773026","2020-11-05 09:51:34.898","2020-11-05 09:52:58.741"
314,"20201106","00:00",27195,24821,25629,476,1898,2633490,2686314,2660685,"1.0221052097","2020-11-06 09:24:23.717","null"
315,"20201107","00:00",27284,24910,26217,477,1897,2643748,2697249,2671032,"1.0214778407","2020-11-07 09:40:32.259","null"
316,"20201108","00:00",27427,24968,25648,478,1981,2649805,2702880,2677232,"1.0244536147","2020-11-08 09:34:44.609","null"
317,"20201109","00:00",27553,25029,25802,480,2044,2655844,2709199,2683397,"1.0267955132","2020-11-09 09:36:39.787","null"
318,"20201110","00:00",27653,25160,27855,485,2008,2668452,2723960,2696105,"1.0256648016","2020-11-10 09:37:02.955","null"
319,"20201111","00:00",27799,25266,28688,487,2046,2680047,2736534,2707846,"1.0266093418","2020-11-11 09:35:35.369","null"
320,"20201112","00:00",27942,25404,29284,487,2051,2692546,2749772,2720488,"1.0270951388","2020-11-12 09:39:23.831","null"
321,"20201113","00:00",28133,25537,30119,488,2108,2703159,2761411,2731292,"1.0300253506","2020-11-13 09:35:49.753","null"
322,"20201114","00:00",28338,25636,34692,492,2210,2714259,2777289,2742597,"1.0332542477","2020-11-14 09:31:38.207","null"
323,"20201115","00:00",28546,25691,36378,493,2362,2721954,2786878,2750500,"1.0378476640","2020-11-15 09:40:16.172","null"
324,"20201116","00:00",28769,25759,38314,494,2516,2730608,2797691,2759377,"1.0425904108","2020-11-16 09:34:22.212","null"
325,"20201117","00:00",28998,25860,41202,494,2644,2745555,2815755,2774553,"1.0451413254","2020-11-17 09:38:28.585","null"
326,"20201118","00:00",29311,25973,42688,496,2842,2762363,2834362,2791674,"1.0499435105","2020-11-18 09:34:00.934","null"
327,"20201119","00:00",29654,26098,45525,498,3058,2778664,2853843,2808318,"1.0559345487","2020-11-19 09:32:40.671","null"
328,"20201120","00:00",30017,26263,48143,501,3253,2795283,2873443,2825300,"1.0624358475","2020-11-20 09:35:51.078","null"
329,"20201121","00:00",30403,26365,51345,503,3535,2814998,2896746,2845401,"1.0684961451","2020-11-21 09:35:35.158","null"
330,"20201122","00:00",30733,26466,54029,505,3762,2824128,2908890,2854861,"1.0765147585","2020-11-22 09:35:12.388","null"
331,"20201123","00:00",31004,26539,56455,509,3956,2834676,2922135,2865680,"1.0819072611","2020-11-23 09:33:24.973","null"
332,"20201124","00:00",31353,26722,57769,510,4121,2857277,2946399,2888630,"1.0853934217","2020-11-24 09:33:23.193","null"
333,"20201125","00:00",31735,26825,55838,513,4397,2878832,2966405,2910567,"1.0903373809","2020-11-25 09:32:47.722","null"
334,"20201126","00:00",32318,26950,55361,515,4853,2900367,2988046,2932685,"1.1019935656","2020-11-26 09:44:15.678","null"
335,"20201127","00:00",32887,27103,56637,516,5268,2920053,3009577,2952940,"1.1137036309","2020-11-27 09:39:01.652","null"
336,"20201128","00:00",33375,27349,58794,522,5504,2939835,3032004,2973210,"1.1225241405","2020-11-28 09:31:45.871","null"
337,"20201129","00:00",33824,27542,62829,523,5759,2950318,3046971,2984142,"1.1334581263","2020-11-29 09:33:56.021","null"
338,"20201130","00:00",34201,27625,63365,526,6050,2963606,3061172,2997807,"1.1408673073","2020-11-30 14:29:16.143","null"
339,"20201201","00:00",34652,27885,64892,526,6241,2984453,3083997,3019105,"1.1477573651","2020-12-01 09:36:29.45","null"
340,"20201202","00:00",35163,28065,65154,526,6572,3006653,3106970,3041816,"1.1559870814","2020-12-02 09:35:32.913","null"
341,"20201203","00:00",35703,28352,65788,529,6822,3030395,3131886,3066098,"1.1644441893","2020-12-03 09:49:33.754","null"
342,"20201204","00:00",36332,28611,64017,536,7185,3057061,3157410,3093393,"1.1745032073","2020-12-04 09:44:32.682","null"
343,"20201205","00:00",36915,28917,66267,540,7458,3077314,3180496,3114229,"1.1853656234","2020-12-05 10:15:39.581","null"
344,"20201206","00:00",37546,29128,67716,545,7873,3089605,3194867,3127151,"1.2006455716","2020-12-06 09:48:54.801","null"
345,"20201207","00:00",38161,29301,68010,549,8311,3103205,3209376,3141366,"1.2147899990","2020-12-07 09:30:10.758","null"
346,"20201208","00:00",38755,29650,71274,552,8553,3111296,3221325,3150051,"1.2302975412","2020-12-08 09:29:46.76","null"
347,"20201209","00:00",39432,30177,75080,556,8699,3138724,3253236,3178156,"1.2407194612","2020-12-09 09:44:25.831","null"
348,"20201208","00:00",38746,29650,71274,552,8544,3111297,3221317,3150043,"1.2300149553","2020-12-09 11:28:44.404","null"
349,"20201210","00:00",40098,30637,72764,564,8897,3165085,3277947,3205183,"1.2510362122","2020-12-10 09:27:13.236","null"
350,"20201211","00:00",40786,31157,77688,572,9057,3192739,3311213,3233525,"1.2613479097","2020-12-11 09:33:06.394","null"
351,"20201212","00:00",41736,31493,86742,578,9665,3221386,3349864,3263122,"1.2790205208","2020-12-12 09:19:01.382","null"
352,"20201213","00:00",42766,31814,90129,580,10372,3241700,3374595,3284466,"1.3020685858","2020-12-13 09:48:21.971","null"
353,"20201214","00:00",43484,32102,89247,587,10795,3264308,3397039,3307792,"1.3145929369","2020-12-14 09:38:10.035","null"
354,"20201215","00:00",44364,32559,93473,600,11205,3303383,3441220,3347747,"1.3251897470","2020-12-15 09:34:38.398","null"
355,"20201216","00:00",45442,32947,94784,612,11883,3348543,3488769,3393985,"1.3388980799","2020-12-16 09:37:53.572","null"
356,"20201217","00:00",46453,33610,99258,634,12209,3393129,3538840,3439582,"1.3505420135","2020-12-17 09:34:22.89","null"
357,"20201218","00:00",47515,33982,110618,645,12888,3431662,3589795,3479177,"1.3656965426","2020-12-18 09:36:49.66","null"
358,"20201219","00:00",48570,34334,126233,659,13577,3471444,3646247,3520014,"1.3798240575","2020-12-19 09:39:06.64","null"
359,"20201219","00:00",48570,34334,126233,659,13577,3471444,3646247,3520014,"1.3798240575","2020-12-19 10:32:55.469","null"
360,"20201220","00:00",49665,34722,139475,674,14269,3493954,3683094,3543619,"1.4015332912","2020-12-20 09:32:54.292","null"
361,"20201221","00:00",50591,35155,146438,698,14738,3516832,3713861,3567423,"1.4181385274","2020-12-21 09:35:07.787","null"
362,"20201222","00:00",51460,35928,151129,722,14810,3569843,3772432,3621303,"1.4210354670","2020-12-22 09:35:08.235","null"
363,"20201223","00:00",52550,36726,153109,739,15085,3620912,3826571,3673462,"1.4305306547","2020-12-23 09:35:51.755","null"
364,"20201224","00:00",53533,37425,150533,756,15352,3678144,3882210,3731677,"1.4345560990","2020-12-24 09:37:42.339","null"
365,"20201225","00:00",54770,38048,156789,773,15949,3727798,3939357,3782568,"1.4479581067","2020-12-25 09:19:59.409","null"
366,"20201226","00:00",55902,38532,157012,793,16577,3756501,3969415,3812403,"1.4663192742","2020-12-26 09:35:23.058","null"
367,"20201227","00:00",56872,39040,166976,808,17024,3782564,4006412,3839436,"1.4812592266","2020-12-27 09:32:40.326","null"
368,"20201228","00:00",57680,39268,169878,819,17593,3810749,4038307,3868429,"1.4910445558","2020-12-28 09:40:11.19","null"
369,"20201229","00:00",58725,40703,170962,859,17163,3868494,4098181,3927219,"1.4953329569","2020-12-29 09:37:33.024","null"
370,"20201230","00:00",59773,41435,171771,879,17459,3927978,4159522,3987751,"1.4989150526","2020-12-30 09:35:46.266","null"
371,"20201231","00:00",60740,42271,170338,900,17569,3982802,4213880,4043542,"1.5021483639","2020-12-31 09:35:07.493","null"
372,"20210101","00:00",61769,42953,176927,917,17899,4030622,4269318,4092391,"1.5093621308","2021-01-01 09:36:53.691","null"
373,"20210102","00:00",62593,43578,179387,942,18073,4060819,4302799,4123412,"1.5179904409","2021-01-02 09:34:52.775","null"
374,"20210103","00:00",63244,44507,186472,962,17775,4091122,4340838,4154366,"1.5223502214","2021-01-03 09:31:48.677","null"
375,"20210104","00:00",64264,45240,190732,981,18043,4121612,4376608,4185876,"1.5352580917","2021-01-04 09:33:08.918","null"
376,"20210105","00:00",64979,46172,193751,1007,17800,4180631,4439361,4245610,"1.5304985620","2021-01-05 09:35:18.724","null"
377,"20210106","00:00",65818,46995,192082,1027,17796,4246968,4504868,4312786,"1.5261132826","2021-01-06 09:35:00.362","null"
378,"20210107","00:00",66686,47649,191762,1046,17991,4311361,4569809,4378047,"1.5231905916","2021-01-07 09:38:10.203","null"
379,"20210108","00:00",67358,48369,190452,1081,17908,4372194,4630004,4439552,"1.5172251614","2021-01-08 09:37:55.083","null"
380,"20210109","00:00",67999,49324,185923,1100,17575,4435694,4689616,4503693,"1.5098498054","2021-01-09 09:41:10.876","null"
381,"20210110","00:00",68664,50409,191454,1125,17130,4463346,4723464,4532010,"1.5150893312","2021-01-10 09:25:25.617","null"
382,"20210111","00:00",69114,52552,189763,1140,15422,4492808,4751685,4561922,"1.5150193273","2021-01-11 09:40:23.425","null"
383,"20210112","00:00",69651,53569,186770,1165,14917,4557664,4814085,4627315,"1.5052141468","2021-01-12 09:36:03.299","null"
384,"20210113","00:00",70212,54636,182914,1185,14391,4619186,4872312,4689398,"1.4972497535","2021-01-13 09:37:24.087","null"
385,"20210114","00:00",70728,55772,169742,1195,13761,4684889,4925359,4755617,"1.4872518119","2021-01-14 09:35:43.906","null"
386,"20210115","00:00",71241,56536,162323,1217,13488,4744511,4978075,4815752,"1.4793328227","2021-01-15 09:39:30.22","null"
387,"20210116","00:00",71820,57554,155639,1236,13030,4804811,5032270,4876631,"1.4727380439","2021-01-16 09:49:04.497","null"
389,"20210117","00:00",72340,58253,159385,1249,12838,4829565,5061290,4901905,"1.4757527940","2021-01-17 09:42:29.34","null"
390,"20210118","00:00",72729,58723,158035,1264,12742,4856456,5087220,4929185,"1.4754771833","2021-01-18 09:38:38.427","null"
391,"20210119","00:00",73115,59468,154345,1283,12364,4912866,5140326,4985981,"1.4664115246","2021-01-19 09:39:49.588","null"
392,"20210120","00:00",73518,60180,148141,1300,12038,4970470,5192129,5043988,"1.4575371709","2021-01-20 09:38:16.549","null"
393,"20210121","00:00",73918,60846,141070,1316,11756,5022620,5237608,5096538,"1.4503570855","2021-01-21 09:39:24.111","null"
394,"20210122","00:00",74262,61415,133132,1328,11519,5074830,5282224,5149092,"1.4422348639","2021-01-22 09:36:14.355","null"
395,"20210123","00:00",74692,62044,136629,1337,11311,5118386,5329707,5193078,"1.4382992129","2021-01-23 09:40:55.809","2021-01-23 10:29:19.08"
396,"20210124","00:00",75084,62530,135765,1349,11205,5143500,5354349,5218584,"1.4387810946","2021-01-24 09:31:28.637","null"
397,"20210125","00:00",75521,62956,134549,1360,11205,5166016,5376086,5241537,"1.4408178364","2021-01-25 09:38:09.015","null"
398,"20210126","00:00",75875,64793,138624,1371,9711,5208269,5422768,5284144,"1.4358995515","2021-01-26 09:41:15.083","null"
399,"20210127","00:00",76429,65478,138427,1378,9573,5254391,5469247,5330820,"1.4337193902","2021-01-27 09:45:38.773","null"
400,"20210128","00:00",76926,66016,139424,1386,9524,5305839,5522189,5382765,"1.4291168200","2021-01-28 09:38:09.595","null"
401,"20210129","00:00",77395,66503,142753,1399,9493,5349116,5569264,5426511,"1.4262387010","2021-01-29 09:37:53.565","null"
404,"20210201","00:00",78508,68309,149456,1425,8774,5433878,5661842,5512386,"1.4242108589","2021-02-01 10:15:01.974","null"
405,"20210202","00:00",78844,68775,154265,1435,8634,5478304,5711413,5557148,"1.4187853193","2021-02-02 09:36:54.134","null"
407,"20210203","00:00",79311,69299,138849,1441,8571,5538554,5756714,5617865,"1.4117640776","2021-02-03 09:31:25.637","null"
408,"20210204","00:00",79762,69704,120538,1448,8610,5602795,5803095,5682557,"1.4036286833","2021-02-04 09:37:28.112","null"
409,"20210205","00:00",80131,70117,107457,1459,8555,5659590,5847178,5739721,"1.3960783111","2021-02-05 09:33:36.664","null"
410,"20210206","00:00",80524,70505,97677,1464,8555,5715152,5893353,5795676,"1.3893806348","2021-02-06 09:32:30.765","null"
411,"20210207","00:00",80896,70865,90751,1471,8560,5745328,5916975,5826224,"1.3884807724","2021-02-07 09:36:08.21","null"
412,"20210208","00:00",81185,71218,84843,1474,8493,5772169,5938197,5853354,"1.3869825744","2021-02-08 09:33:37.055","null"
413,"20210209","00:00",81487,71676,82630,1482,8329,5823289,5987406,5904776,"1.3800184799","2021-02-09 09:31:54.66","null"
414,"20210210","00:00",81930,72226,80076,1486,8218,5868017,6030023,5949947,"1.3769870555","2021-02-10 09:33:33.861","null"
415,"20210211","00:00",82434,72638,81614,1496,8300,5905960,6070008,5988394,"1.3765627311","2021-02-11 09:31:14.234","null"
416,"20210212","00:00",82837,72936,80861,1507,8394,5929671,6093369,6012508,"1.3777445285","2021-02-12 09:31:24.356","null"
417,"20210213","00:00",83199,73227,70251,1514,8458,5961887,6115337,6045086,"1.3763079631","2021-02-13 10:09:06.162","null"
418,"20210214","00:00",83525,73559,78200,1522,8444,5978361,6140086,6061886,"1.3778715073","2021-02-14 09:31:30.401","null"
419,"20210215","00:00",83869,73794,80146,1527,8548,5998845,6162860,6082714,"1.3788088672","2021-02-15 09:32:45.168","null"
420,"20210216","00:00",84325,74551,76897,1534,8240,6052268,6213490,6136593,"1.3741338231","2021-02-16 09:31:34.953","null"
421,"20210217","00:00",84946,75360,72410,1538,8048,6103211,6260567,6188157,"1.3727188886","2021-02-17 09:36:02.951","null"
422,"20210218","00:00",85567,75896,70720,1544,8127,6146927,6303214,6232494,"1.3729174869","2021-02-18 09:31:33.593","null"
423,"20210219","00:00",86128,76513,71116,1550,8065,6188748,6345992,6274876,"1.3725848925","2021-02-19 09:33:30.84","null"
425,"20210220","00:00",86576,77083,76137,1553,7940,6227918,6390631,6314494,"1.3710678955","2021-02-20 09:40:36.883","2021-02-20 14:49:59.93"
426,"20210221","00:00",86992,77516,73356,1557,7919,6250992,6411340,6337984,"1.3725500095","2021-02-21 09:34:28.285","null"
427,"20210222","00:00",87324,77887,72461,1562,7875,6269359,6429144,6356683,"1.3737353270","2021-02-22 09:30:56.472","null"
428,"20210223","00:00",87681,78394,74065,1573,7714,6310933,6472679,6398614,"1.3703123832","2021-02-23 09:31:45.903","null"
429,"20210224","00:00",88120,79050,74988,1576,7494,6347880,6510988,6436000,"1.3691733996","2021-02-24 09:33:42.127","null"
430,"20210225","00:00",88516,79487,68672,1581,7448,6394026,6551214,6482542,"1.3654520094","2021-02-25 09:31:53.266","null"
431,"20210226","00:00",88922,79880,68942,1585,7457,6432202,6590066,6521124,"1.3635992813","2021-02-26 09:32:51.735","null"
433,"20210227","00:00",89321,80333,68989,1595,7393,6468905,6627215,6558226,"1.3619689226","2021-02-27 09:37:27.179","null"
434,"20210228","00:00",89676,80697,72889,1603,7376,6486441,6649006,6576117,"1.3636618691","2021-02-28 10:24:54.713","null"
435,"20210301","00:00",90029,81070,73745,1605,7354,6501981,6665755,6592010,"1.3657291175","2021-03-01 09:48:21.402","null"
436,"20210302","00:00",90372,81338,73432,1606,7428,6518172,6681976,6608544,"1.3675024332","2021-03-02 09:32:41.95","null"
437,"20210303","00:00",90816,81700,65867,1612,7504,6559520,6716203,6650336,"1.3655851373","2021-03-03 09:33:02.813","null"
438,"20210304","00:00",91240,82162,60089,1619,7459,6600571,6751900,6691811,"1.3634575154","2021-03-04 09:33:23.999","null"
439,"20210305","00:00",91638,82560,63707,1627,7451,6633666,6789011,6725304,"1.3625852452","2021-03-05 09:41:54.92","null"
440,"20210306","00:00",92055,82913,65171,1632,7510,6664717,6821943,6756772,"1.3624109264","2021-03-06 09:40:17.621","null"
441,"20210307","00:00",92471,83220,66396,1634,7617,6684259,6843126,6776730,"1.3645371735","2021-03-07 09:52:34.246","null"
442,"20210308","00:00",92817,83474,67394,1642,7701,6701598,6861809,6794415,"1.3660778742","2021-03-08 09:31:46.646","null"
443,"20210309","00:00",93263,83900,70501,1645,7718,6739220,6902984,6832483,"1.3649942487","2021-03-09 09:52:46.909","null"
444,"20210310","00:00",93733,84312,70278,1648,7773,6774873,6938884,6868606,"1.3646582727","2021-03-10 09:45:29.181","null"
445,"20210311","00:00",94198,84675,68248,1652,7871,6814539,6976985,6908737,"1.3634619468","2021-03-11 09:39:02.159","null"
446,"20210312","00:00",94686,85743,68738,1662,7281,6849240,7012664,6943926,"1.3635801994","2021-03-12 09:49:58.077","null"
447,"20210313","00:00",95176,86625,67874,1667,6884,6883732,7046782,6978908,"1.3637663657","2021-03-13 09:36:41.886","null"
448,"20210314","00:00",95635,87408,69843,1669,6558,6900923,7066401,6996558,"1.3668864032","2021-03-14 09:42:57.64","null"
449,"20210315","00:00",96017,87754,71590,1675,6588,6917333,7084940,7013350,"1.3690604347","2021-03-15 09:51:09.37","null"
450,"20210316","00:00",96380,88255,78044,1678,6447,6951653,7126077,7048033,"1.3674737334","2021-03-16 09:36:13.502","null"
451,"20210317","00:00",96849,88814,83462,1686,6349,6991199,7171510,7088048,"1.3663705437","2021-03-17 09:31:37.789","null"
452,"20210318","00:00",97294,89178,89722,1688,6428,7031071,7218087,7128365,"1.3648852156","2021-03-18 09:38:40.962","null"
453,"20210319","00:00",97757,89523,88341,1690,6544,7078843,7264941,7176600,"1.3621631413","2021-03-19 09:32:03.884","null"
454,"20210320","00:00",98209,89949,93018,1693,6567,7117723,7308950,7215932,"1.3610022932","2021-03-20 09:31:53.146","null"
455,"20210321","00:00",98665,90328,98308,1696,6641,7135741,7332714,7234406,"1.3638300089","2021-03-21 09:53:34.815","null"
456,"20210322","00:00",99075,90611,103132,1697,6767,7153757,7355964,7252832,"1.3660181291","2021-03-22 10:04:58.004","null"
457,"20210323","00:00",99421,91079,100172,1704,6638,7201397,7400990,7300818,"1.3617789129","2021-03-23 09:32:10.986","null"
458,"20210324","00:00",99846,91560,94326,1707,6579,7247038,7441210,7346884,"1.3590251322","2021-03-24 09:35:12.391","null"
459,"20210325","00:00",100276,92068,86983,1709,6499,7298600,7485859,7398876,"1.3552869381","2021-03-25 09:34:48.91","null"
460,"20210326","00:00",100770,92630,77409,1716,6424,7351224,7529403,7451994,"1.3522555171","2021-03-26 09:33:28.3","null"
461,"20210327","00:00",101275,93475,75174,1721,6079,7396119,7572568,7497394,"1.3508026922","2021-03-27 09:53:35.032","null"
462,"20210328","00:00",101757,93855,78605,1722,6180,7415234,7595596,7516991,"1.3536932530","2021-03-28 11:17:23.373","null"
463,"20210329","00:00",102141,94124,78938,1726,6291,7435252,7616331,7537393,"1.3551237145","2021-03-29 09:41:57.983","null"
